ms1,b1,e1,id2,ms2,b2,e2,ch_match,matches_percent
2,634,803,JK003609,3,271,440,123,92
2,627,803,ShamAY0037134,126,462,634,111,79
2,634,803,Shia001421Vols,3,454,621,107,80
2,634,803,Shia001421Vols,229,325,492,107,80
2,634,803,Shamela0009099,134,386,555,125,94
2,627,803,Shamela0031371,2,1159,1335,139,100
2,627,803,Shamela0035888,197,617,792,136,97
2,627,803,Rafed0002341Vols,31,501,677,127,89
2,634,803,Shamela0009607,3,65,233,122,91
5,548,944,JK003609,1621,226,497,189,60
5,548,956,Shamela0012293,2339,647,944,139,38
5,548,660,Shamela0012293,2381,307,417,82,87
5,543,944,JK007011,161,615,845,156,49
5,548,944,Sham19Y0023644,6702,368,654,184,59
5,548,948,Shamela0006676,326,337,584,162,50
5,555,944,Sham19Y0029560,1130,83,309,159,51
5,530,944,JK003502,667,1221,1483,172,52
5,548,944,Shamela0028182,68,1018,1285,185,59
5,548,944,JK009370Vols,1657,8,239,165,52
6,616,783,JK009296,912,1,163,128,94
10,328,423,JK003609,1101,12,107,74,100
10,328,715,JK003609,5235,669,1050,288,92
10,328,1361,Shamela0012398,968,1147,1607,355,42
10,284,675,Shamela0001000,1396,1230,1631,269,73
10,675,1566,Shamela0001000,1397,1,894,714,98
10,328,476,Sham19Y0029560,1064,1220,1368,114,97
10,861,1013,Shamela0005446,145,1079,1231,120,98
10,322,822,Sham19Y0032195,62,1015,1304,205,52
10,322,476,Shamela0009091,798,454,609,109,90
11,517,843,JK003609,5276,851,1248,226,72
11,722,843,Kraken210630005153,3918,1464,1595,87,81
11,735,843,Zaydiyya0000142,1271,1039,1147,85,100
11,521,843,Shamela0006687,464,1233,1592,227,75
11,521,690,JK009296,915,1403,1592,132,86
11,709,843,JK009296,916,226,365,105,96
11,521,843,JK003502,2062,286,840,252,56
11,86,455,Shamela0006909,196,1280,1446,123,41
11,517,843,Shamela0005446,862,592,1026,227,65
11,530,843,Shamela0006743,742,1056,1457,215,68
11,645,843,Shamela0006743,1088,1086,1285,139,88
11,517,843,Shamela0001003,494,474,795,219,81
11,86,455,Shamela0000678,95,300,498,123,41
12,1279,1579,Sham19Y0019199,885,785,964,67,21
12,189,864,Sham19Y0019199,885,405,772,189,32
13,1,535,JK003502,1790,531,1617,409,46
13,1094,1362,JK003502,1797,14,276,163,69
15,926,1124,JK010298,521,1412,1606,149,94
15,926,1139,ShamAY0005375,400,592,805,162,95
15,726,914,JK009296,531,1334,1559,143,77
15,726,1354,JK003502,1793,195,642,320,61
15,1422,1575,JK003502,1795,1369,1546,116,83
15,8,555,Sham19Y0147062,2101,810,1537,174,21
15,40,555,Sham19Y0147062,2102,450,1053,148,20
16,16,126,Sham19Y0019199,1815,288,398,89,100
16,939,1116,JK003502,1794,566,794,127,66
17,421,994,Shamela0026520,235,531,979,295,60
17,421,707,Shamela0023788,494,796,987,145,63
17,414,1488,Sham19Y0000259,705,548,1268,451,53
17,281,732,Shamela0006631,561,806,1540,313,53
17,421,1003,Shamela0008675,156,491,908,295,64
17,421,994,Shamela0010283,1514,769,1164,292,64
17,473,994,Kraken220413030940,116,1002,1360,252,59
17,250,1185,Shamela0005446,227,442,1539,683,77
17,1185,1488,Shamela0005446,228,1,305,238,98
17,281,521,Shamela0001003,858,1269,1565,188,78
17,512,994,Shamela0001003,859,13,497,362,94
17,281,1041,JK009370Vols,1753,786,1442,367,53
18,253,396,JK003609,1337,1389,1531,108,96
18,788,939,Kraken210630005153,5111,711,862,119,96
18,227,396,Shamela0001595,50,927,1096,124,90
18,788,939,JK006900,767,199,350,120,97
18,1,513,Shamela0005446,228,305,1125,345,49
18,268,396,JK007565,11,355,483,101,100
19,793,894,JK003609,5238,642,738,75,95
19,655,763,JK000916,26869,202,312,84,96
19,770,1241,Sham19Y0013226,154,854,1342,254,51
19,655,763,Shamela0000736,816,812,921,85,99
19,655,763,JK007554,5,402,510,84,98
19,655,763,Shamela0001000,569,857,966,85,99
19,655,763,Shamela0010768,116,1153,1262,84,98
19,655,763,JK010552,421,788,897,84,98
19,770,894,Shamela0035888,197,982,1092,87,88
19,585,1138,Rafed0002341Vols,2609,452,915,197,35
19,770,894,JK009296,83,1022,1132,87,88
19,585,1138,JK009296,485,153,615,197,35
19,655,763,ShamAY0037958,5,402,510,84,98
19,1263,1503,JK003502,583,627,869,194,98
19,163,763,JK003502,584,443,1051,239,35
19,770,894,JK003502,1597,206,316,87,88
19,649,763,JK010766,568,983,1098,87,95
19,1263,1503,Shamela0001584,1475,412,654,188,95
19,655,763,Shamela0000580,67,737,848,85,97
19,163,428,Kraken220218125252,313,193,541,176,65
19,655,763,Shamela0003118,4518,1080,1189,85,99
19,770,894,JK009365,387,1317,1427,87,88
19,655,763,ShamAY0033793,153,851,960,85,99
19,655,763,ShamAY0033793,283,235,344,85,99
19,793,894,Shamela0010665,212,1344,1444,75,96
19,655,894,Sham19Y0029600,222,767,1216,167,46
20,218,422,Shamela0005448,193,1113,1316,156,96
20,218,422,Shamela0000738,56,265,469,136,74
20,218,422,ShamAY0005375,452,1241,1441,155,95
20,970,1194,JK010665,149,18,241,177,99
20,686,837,Shamela0035888,197,827,978,123,98
20,218,422,Shamela0001336,44,424,627,133,73
20,218,422,Masaha003390Vols,476,1096,1300,159,97
20,32,562,JK003502,584,1333,1526,134,30
20,981,1523,Kraken220218125252,58,336,1047,385,65
21,631,812,Sham19Y0019199,1795,1297,1519,125,67
21,631,812,Sham19Y0016664,258,1122,1342,120,65
21,516,779,JK009296,134,1265,1583,170,62
21,510,1014,JK003502,261,7,639,301,54
21,631,812,Shamela0006739,1949,1206,1426,120,65
21,631,739,ShamAY0034637,354,1471,1579,85,100
22,1198,1346,Sham19Y0013226,428,234,382,117,97
22,1259,1459,Shamela0012086,87,659,1077,136,39
22,1198,1309,Shamela0008648,76,396,509,86,96
22,1005,1177,JK009296,582,1059,1243,111,77
22,1005,1177,JK003502,585,495,661,116,84
23,156,1329,Sham19Y0013226,428,345,1280,643,66
23,105,583,Shamela0012086,87,1088,1528,331,81
23,583,1050,Shamela0012086,88,1,474,361,94
23,124,712,JK010475,302,971,1421,199,38
23,807,1082,Shamela0008648,77,123,406,152,60
23,606,712,JK009296,922,899,1004,79,96
24,186,382,Shia004456Vols,4017,1,201,161,98
25,500,929,JK010298,385,1099,1528,340,97
25,929,1160,JK010298,386,1,232,182,97
25,500,746,ShamAY0005375,368,1345,1591,196,98
25,746,1160,ShamAY0005375,369,1,416,331,98
27,301,1561,Shia003636Vols,10079,352,1183,606,57
28,462,732,Shia003636Vols,10076,1389,1659,206,93
28,732,1000,Shia003636Vols,10077,1,321,208,80
28,1,390,Shia003636Vols,10079,1183,1506,255,81
28,449,844,Kraken220218125252,333,1103,1521,259,73
28,844,1485,Kraken220218125252,334,1,1032,348,40
29,629,1458,JK003502,688,383,1064,501,75
29,629,1447,Shia003636Vols,10077,776,1552,569,86
30,1,263,JK003502,688,1064,1319,189,88
30,1072,1527,Shia003636Vols,10076,4,459,324,79
30,1,538,Shia003636Vols,10078,12,853,294,38
31,1,777,Shia003636Vols,10076,459,1146,520,77
31,1336,1529,Shia003636Vols,10076,1167,1358,157,98
32,926,1143,Shia003636Vols,10079,5,309,179,71
32,1101,1303,Shia003636Vols,13861,600,877,148,64
33,1240,1399,JK003502,585,827,976,99,77
33,1,1195,Shia003636Vols,10080,154,674,397,41
34,324,823,JK003502,687,1056,1499,306,73
34,43,324,Shia003636Vols,10080,690,933,182,76
34,1083,1554,Shia003636Vols,10080,980,1222,196,51
35,1,372,Shia003636Vols,10080,1222,1453,184,62
38,119,405,Kraken210630005153,6252,927,1267,187,69
38,402,643,JK003502,1423,1368,1608,194,98
38,649,1051,JK003502,1424,190,594,273,74
38,1105,1211,Shamela0009607,910,1413,1519,85,100
38,224,384,JK009370Vols,427,50,211,114,90
39,890,1010,Shamela0006631,441,301,417,85,89
39,1294,1542,Shamela0008176,5814,786,1219,135,32
39,905,1014,Shamela19Y0145334,2014,611,721,83,95
39,76,378,JK009370Vols,1195,80,633,191,42
39,890,1010,JK009370Vols,1487,316,432,86,90
40,704,1389,JK009296,116,1,938,515,63
40,64,1277,JK003502,1425,338,1583,692,54
40,1281,1657,JK003502,1426,4,170,137,43
40,1407,1524,Shamela0001003,466,61,177,92,97
41,872,1030,Shamela0021554,76,756,912,114,92
41,872,1042,Shamela0011786,42,332,497,125,93
41,872,1030,Shamela0005416,183,706,864,123,97
41,872,1030,JK007589,223,752,909,123,98
41,872,1253,Rafed0002341Vols,2515,199,483,225,74
41,1127,1253,JK003502,1424,1281,1401,93,94
41,872,1042,JK003502,1425,157,322,128,94
41,1,400,JK003502,1426,170,573,323,99
41,872,1030,Shia003707Vols,608,1045,1202,117,94
41,872,1030,ShamIbadiyya0000610,76,760,916,114,92
42,1372,1522,Rafed0002341Vols,2513,1163,1313,119,97
42,1372,1522,JK003502,1427,277,427,118,96
43,1356,1554,Rafed0002341Vols,2429,652,849,161,98
44,408,556,Rafed0002341Vols,2411,1329,1477,121,100
44,579,680,Rafed0002341Vols,2428,1374,1475,77,97
44,1,408,Rafed0002341Vols,2429,849,1253,325,98
44,1019,1524,Rafed0002341Vols,2463,414,944,397,93
44,579,834,JK009296,582,1273,1482,165,79
44,1038,1524,JK003502,11,1,506,381,93
44,579,1019,JK003502,1395,291,728,301,79
46,844,1545,Rafed0002341Vols,2560,542,1251,560,97
47,1,291,Rafed0002341Vols,2560,1251,1541,230,99
47,291,1501,Rafed0002341Vols,2561,1,733,578,59
47,1171,1436,JK009296,198,865,1130,206,97
47,1208,1329,JK003502,2067,1,122,97,100
47,827,989,Sham19Y0011565,8,1182,1344,130,100
48,341,564,JK003609,6386,976,1229,163,82
48,337,564,Kraken210630005153,153,1298,1507,114,58
48,735,1021,Rafed0002341Vols,2561,875,1156,224,97
48,1,157,Rafed0002341Vols,2561,733,889,119,95
48,1044,1156,JK009296,931,859,970,88,98
48,341,574,Shamela0012722,651,1214,1458,154,75
48,337,564,Shamela0001003,898,661,895,165,87
49,1164,1527,Sham19Y0013226,391,834,1199,278,94
49,31,898,Rafed0002341Vols,2448,711,1570,689,98
49,898,1540,Rafed0002341Vols,2449,1,667,508,94
50,782,884,Sham19Y0020762,628,1390,1498,76,90
50,1,441,Rafed0002341Vols,2470,850,1296,348,96
50,999,1268,Rafed0002341Vols,2470,1296,1565,216,100
50,1268,1529,Rafed0002341Vols,2471,1,262,212,100
51,1428,1544,Rafed0002341Vols,2466,1111,1230,80,88
51,1,999,Rafed0002341Vols,2471,262,1209,763,93
52,55,350,Rafed0002341Vols,2467,249,368,88,37
52,55,350,JK003502,612,738,857,87,37
54,1362,1502,JK009296,152,1330,1470,113,100
55,926,1075,Shamela0002386,330,866,1016,120,98
55,935,1075,Shamela0037468,9,813,953,111,97
55,922,1075,Shamela0031373,260,345,498,116,94
55,935,1081,Shamela0000764,10,668,819,107,88
55,926,1037,Shamela0011334,187,1468,1579,88,99
55,935,1075,JK007583,47,1318,1458,106,94
55,926,1075,JK010778,101,537,686,116,96
55,926,1069,Shamela0005446,816,1392,1535,108,91
55,935,1075,Sham19Y0026183,300,1413,1553,109,96
55,935,1075,Shia003636Vols,7016,170,310,106,90
55,935,1075,Shia003636Vols,7048,893,1033,108,95
55,922,1075,Shamela0009225,22,207,360,118,92
55,922,1089,Shamela0023787,237,1173,1334,116,83
55,935,1075,JK010638,11,217,357,105,93
56,568,1069,JK010476,43,889,1501,388,78
56,1069,1251,JK010476,44,1,378,132,44
56,1,1251,Rafed0002341Vols,2418,72,1314,982,97
56,101,379,JK000394,678,117,319,165,72
56,1267,1576,JK003502,1045,1018,1325,244,96
58,1037,1474,Sham19Y0013226,514,1397,1564,133,37
58,441,1556,Kraken220218125252,396,1,1145,565,47
59,25,362,Kraken220218125252,396,1200,1591,227,72
59,370,1486,Kraken220218125252,397,7,1156,490,45
60,1431,1533,ShamAY0032275,404,489,590,79,98
60,586,819,ShamAY0032275,404,208,481,185,81
60,1,257,Kraken220218125252,397,1108,1492,141,40
60,269,504,Kraken220218125252,398,15,278,135,58
61,175,279,Sham19Y0014592,48,987,1091,83,100
61,175,279,Shamela0010016,5,551,655,83,100
61,175,279,Shamela0010016,154,553,657,83,100
61,1,285,ShamAY0032275,404,590,760,131,58
61,175,279,Rafed0002309,92,772,876,83,100
61,500,1461,Rafed0002309,93,173,1172,739,93
61,175,279,Rafed0002309,133,605,709,83,100
62,194,441,JK003609,5784,348,537,135,68
62,1056,1205,Shamela0036073,22,1281,1418,106,89
62,1191,1471,ShamAY0032275,404,806,1084,203,91
63,1,390,ShamAY0032275,404,1084,1473,306,100
63,390,624,ShamAY0032275,405,1,294,181,78
66,1116,1260,JK007589,793,529,718,114,73
67,169,1555,ShamAY0032275,402,178,857,525,46
68,1,128,JK000170,6156,1300,1427,100,100
68,1,687,ShamAY0032275,402,857,1548,544,98
68,687,1496,ShamAY0032275,403,5,821,632,95
69,1,720,ShamAY0032275,403,821,1542,580,99
69,720,831,ShamAY0032275,404,1,112,88,100
69,8,327,Shia001544Vols,30,752,1039,213,79
70,158,286,JK009296,390,402,524,98,95
70,1,153,Shamela0021525,861,1247,1409,117,89
70,1,153,Shamela0037486,20,294,454,123,95
71,701,813,Sham19Y0018337,413,72,184,88,99
71,701,813,Shia001542Vols,563,409,523,81,91
71,701,813,JK009365,560,163,275,84,95
71,919,1219,Shamela0009607,140,398,765,143,42
71,701,813,Shamela0037345,111,47,159,84,95
72,447,551,Shamela0005448,338,178,284,77,91
72,1142,1251,Shamela0012715,839,818,933,83,90
72,272,551,Rafed0002341Vols,2483,239,521,214,95
72,11,298,Rafed0002341Vols,3437,987,1273,232,97
72,574,967,JK003502,72,1252,1610,232,65
72,967,1466,JK003502,73,1,256,196,48
72,272,551,JK003502,726,878,1160,213,94
72,1007,1120,Shamela0001003,923,34,147,91,100
73,1,939,Rafed0002341Vols,2337,837,1632,630,81
73,939,1543,Rafed0002341Vols,2338,1,527,419,85
76,501,642,JK006900,1233,1059,1204,104,91
76,271,392,Shamela0000580,41,1331,1490,87,64
76,515,642,JK009370Vols,2114,784,911,101,99
77,1134,1354,Sham19Y0026183,281,705,1327,143,28
78,342,497,Shamela0010912,628,396,555,119,94
78,1425,1533,Kraken210630005153,1054,930,1039,80,88
78,738,1045,JK009296,122,119,407,199,83
78,544,664,Shamela0005446,526,146,417,82,38
78,514,664,Shia003636Vols,6777,793,1077,89,37
78,507,664,JK009365,447,1115,1402,93,37
78,535,664,Masaha002964Vols,436,7,193,87,59
79,19,179,ShamAY0032251,134,1319,1480,124,93
79,12,179,JK003502,228,81,251,134,98
80,353,514,Shia003965Vols,1134,1388,1562,110,77
80,640,850,Shamela0001002,1697,1410,1626,168,95
80,850,1075,Shamela0001002,1698,1,444,174,48
81,1183,1288,JK001477,63,371,475,80,97
81,497,635,Shamela0035888,102,390,528,106,98
81,1183,1288,JK007589,207,905,1009,80,97
81,1183,1288,JK009365,85,1394,1498,78,95
84,521,854,Shamela0005390,367,1062,1572,233,54
84,521,854,JK009204,172,1051,1450,251,76
84,521,854,Shamela0011056,209,127,526,251,76
84,1237,1427,Shamela0009788,1941,356,553,149,94
84,1237,1427,JK007597,59,884,1080,147,93
85,1357,1561,Rafed0002341Vols,2487,1,205,162,99
86,31,165,Sham19Y0019199,1730,238,376,93,86
86,1,628,Rafed0002341Vols,2487,205,769,434,86
86,960,1512,JK003502,802,184,739,429,96
87,187,471,Shia004027,16,723,964,196,83
88,1249,1472,Shamela0010912,671,1,225,181,98
88,22,299,Zaydiyya0000142,4062,802,1033,184,81
88,1227,1485,Zaydiyya0000142,4077,1,264,207,95
88,22,1082,Shamela0035888,115,179,1065,514,50
88,1164,1485,JK003502,1491,30,351,260,98
88,22,1102,JK003502,1499,63,576,389,45
88,22,508,Shia003636Vols,13529,1047,1533,375,97
88,508,1086,Shia003636Vols,13530,1,357,169,30
88,1159,1383,Shia003636Vols,13533,973,1110,98,52
88,8,1086,Rafed0000230Vols,809,382,1192,485,48
88,22,1012,JK009365,71,679,1493,492,53
89,1,383,Shamela0010912,671,449,783,260,84
89,1,383,Zaydiyya0000142,4077,264,670,275,74
89,525,1408,Zaydiyya0000142,4093,1,946,662,87
89,1,383,JK003502,1491,351,730,304,97
89,510,1200,JK003502,1502,931,1494,234,31
89,826,1301,Shia003636Vols,13527,430,1054,215,43
89,918,1036,Rafed0000230Vols,810,94,207,86,91
90,248,721,JK000998,167,197,344,118,30
90,1317,1521,Sham19Y0013226,51,1,188,119,75
90,1266,1375,JK010552,29,307,422,86,94
90,898,1039,JK003502,664,385,537,103,80
90,1,236,JK003502,1503,85,295,161,87
90,240,721,Shamela0006617,1760,1432,1614,129,31
90,919,1039,Shamela0006617,1761,563,687,93,93
91,131,324,Sham19Y0013226,526,370,564,150,97
91,94,324,JK003502,664,541,790,161,81
93,1,888,Sham19Y0019199,548,238,471,178,25
94,854,1498,JK003502,931,972,1611,509,97
94,854,1563,Kraken220218125252,405,601,1282,416,61
95,1,710,JK003502,932,66,838,543,87
95,5,291,Kraken220218125252,405,1312,1584,205,85
95,291,710,Kraken220218125252,406,1,387,229,61
96,1080,1212,JK007581,9,774,951,108,73
96,1080,1212,JK011032,241,556,806,108,51
96,1080,1212,ShamAY0037817,9,774,951,108,73
98,588,1277,Tess21012418,879,867,1505,458,82
98,588,703,JK003502,895,1420,1536,89,95
98,703,1563,JK003502,896,1,727,557,80
99,530,775,Shamela0028175,7,1044,1243,162,80
99,1,413,JK003502,896,727,1138,321,97
100,1382,1588,Tess21012418,880,1,173,130,77
101,1,203,Tess21012418,880,177,380,155,96
102,6,316,Shamela0028175,7,1247,1561,244,98
102,316,431,Shamela0028175,8,1,117,91,98
104,1375,1560,JK003502,1975,749,934,150,100
104,167,948,JK003502,1976,653,1408,592,93
105,1222,1485,JK003502,1974,712,1016,209,82
106,11,279,JK003502,1974,1011,1282,208,93
107,1307,1546,Shamela0001000,370,527,672,105,53
107,1307,1454,Sham19Y0023644,7229,688,832,107,85
107,1307,1454,Shamela0005432,58,77,221,106,84
107,1048,1210,JK009296,1183,1010,1173,126,95
107,1048,1210,ShamAY0034600,114,882,1045,126,95
107,396,637,JK003502,1976,209,449,190,96
107,1307,1546,Shamela0012722,105,1210,1354,89,45
107,1048,1546,Shamela0009607,33,234,689,317,74
107,1307,1454,JK009370Vols,2120,674,817,107,85
108,72,239,Shamela0001002,1715,467,637,133,97
108,72,239,Shamela0011682,478,905,1075,133,97
108,5,368,Shamela0009607,33,694,1030,234,80
109,474,642,JK010298,355,888,1055,124,94
109,417,642,JK003502,145,929,1153,173,97
109,648,1034,JK003502,147,1110,1491,297,95
110,1,134,JK010298,357,240,373,103,96
110,1,439,JK009296,40,1127,1433,216,59
110,1,439,JK003502,146,1018,1460,343,95
110,1265,1695,Kraken220218125252,423,25,504,262,61
111,690,1289,Shamela0005448,75,1036,1258,84,14
111,690,1289,Rafed0002679Vols,1880,543,741,86,15
111,690,1289,JK001001,231,71,269,85,15
111,690,1289,ShamAY0034457,59,129,365,85,14
111,503,1647,JK003502,854,335,1390,774,81
111,1,272,Kraken220218125252,423,883,1308,152,39
112,316,575,JK003502,855,8,269,205,95
112,294,466,Sham19Y0120922,584,1495,1670,135,93
113,130,1198,Rafed0002341Vols,2540,588,1637,844,95
113,1198,1660,Rafed0002341Vols,2541,1,460,372,98
114,1260,1495,Rafed0002341Vols,2538,1025,1272,186,93
114,1,1222,Rafed0002341Vols,2541,460,1688,998,98
114,1260,1495,JK003502,160,666,914,186,93
114,481,674,Sham19Y0011565,8,125,318,159,98
115,427,560,Rafed0002341Vols,2553,1341,1473,104,97
115,320,1201,Rafed0002341Vols,2554,976,1463,273,35
115,828,988,Rafed0002341Vols,2555,104,258,111,87
115,427,665,JK003502,1645,234,586,185,63
115,677,1513,JK003502,1646,1,420,231,30
116,1205,1533,ShamAY0037081,38,1,311,229,84
116,644,1324,Shia003356Vols,1233,1412,1639,175,31
116,1324,1533,Shia003356Vols,1234,1,211,153,88
116,1133,1392,Rafed0002341Vols,2454,1299,1565,191,86
116,614,1036,Rafed0002341Vols,2456,1205,1602,325,94
116,217,594,Rafed0002341Vols,2546,490,919,291,85
116,1133,1527,JK003502,1254,552,954,283,83
116,217,454,JK003502,1637,1076,1345,182,84
117,1,421,Rafed0002341Vols,2501,637,1049,332,97
118,311,677,Rafed0002341Vols,2501,1175,1549,292,95
118,705,1300,Rafed0002341Vols,2527,369,967,479,97
119,646,1269,JK003502,237,595,911,198,37
120,610,716,Shamela0001002,2501,1342,1448,82,98
120,1292,1451,Sham19Y0132965,55,812,974,122,93
120,565,852,JK003502,238,344,666,204,78
121,924,1026,Shamela0009752,92,933,1035,80,100
121,319,546,JK010298,385,572,798,175,97
121,924,1026,JK006914,367,982,1084,77,97
121,603,775,Sham19Y0013226,95,1196,1368,133,98
121,123,297,Sham19Y0013226,96,94,268,135,97
121,924,1026,JK009266,938,1159,1261,80,100
121,924,1026,Shamela0037057,202,715,817,77,97
121,924,1026,JK011034,17,384,486,77,97
121,613,775,JK007592,54,771,962,111,75
121,613,775,Shamela0010768,568,1317,1510,118,79
121,924,1026,Shamela0010551,309,604,706,80,100
121,161,297,Shamela0006676,310,1,178,106,75
121,924,1032,Sham19Y0017879,487,919,1027,78,93
121,924,1026,Shamela0010283,1466,1168,1270,80,100
121,924,1026,Shamela0023591,3269,834,1045,77,46
121,606,879,JK003502,238,1102,1467,193,64
121,924,1026,ShamAY0036821,935,809,1020,77,46
121,613,775,Shamela0005351,39,643,835,114,76
121,912,1026,Sham19Y0020891,1748,818,1186,86,30
121,924,1026,Shamela0026536,78,40,506,79,21
121,969,1284,Shamela0010646,593,1,242,89,28
121,912,1026,JK001099,29,559,670,84,94
121,924,1026,Shamela0000678,181,805,908,77,96
122,1,402,JK003502,239,302,851,161,33
125,205,370,JK010298,387,206,372,131,97
125,370,748,Sham19Y0013226,138,718,1028,234,73
125,833,1247,JK003502,86,1,412,317,94
127,1,422,Shia002185Vols,3997,212,492,83,20
127,432,539,Shamela0012834BK1,37,477,585,77,89
127,432,544,JK010552,342,261,374,71,80
129,1278,1400,Shamela0037538,235,514,634,92,94
129,1278,1400,Shamela0008505,15,1226,1346,94,95
129,1278,1400,Shamela0010614,498,246,366,90,92
132,1,281,JK009296,914,1349,1571,159,69
132,281,1001,JK009296,915,1,742,443,66
134,528,910,Rafed0002341Vols,2483,559,939,291,97
134,528,845,JK003502,726,1198,1514,242,97
136,422,568,Shia003965Vols,3079,1452,1604,109,90
136,272,1102,JK003609,2933,463,1320,442,56
136,422,744,Shia001749,12,987,1297,164,54
136,381,779,Sham19Y0150966,1652,9,508,167,32
136,588,1261,Sham19Y0150966,1652,892,1510,339,57
136,422,744,Shamela0012398,800,549,859,165,55
136,422,744,Shamela0001000,368,1,315,165,59
136,422,739,Sham19Y0023644,6319,1130,1460,207,79
136,869,1254,Sham19Y0023644,6320,171,558,212,59
136,422,568,Shamela0005440,125,719,870,108,90
136,422,568,Shamela0005440,128,727,878,108,90
136,422,779,Sham19Y0029560,963,824,1108,132,43
136,422,744,Shia003764Vols,155,50,360,165,59
136,436,1261,Shamela0023764BK3,690,1,856,416,53
136,427,739,Shia003636Vols,4769,1359,1663,157,58
136,415,1181,Shia003636Vols,7993,883,1553,356,53
136,588,1102,Sham19Y0014483,169,227,823,294,57
136,415,1261,Shamela0012406,3483,268,1089,455,60
136,422,626,Shamela0004445,5403,1379,1601,136,77
136,626,1072,Shamela0004445,5404,1,404,210,45
136,269,779,Shia004649Vols,289,56,727,327,60
136,422,744,Shamela0010664,1002,760,1074,164,58
136,422,739,Shamela0009091,712,930,1136,109,42
136,272,779,Shamela0009788,685,622,1353,239,34
136,415,1212,Shamela0009788,686,823,1546,373,53
138,578,837,Shamela0031373,278,860,989,91,44
138,691,837,Shamela0010768,255,1259,1394,97,83
138,182,322,Masaha003390Vols,221,1123,1267,97,86
138,964,1072,Shamela0036075,104,622,727,81,97
140,340,451,JK006919,574,583,696,85,94
141,1102,1288,JK010298,387,877,1064,144,97
141,640,747,JK009296,931,974,1081,84,100
142,822,1140,JK003502,689,516,848,247,94
143,1108,1522,Sham19Y0148529,480,216,626,321,97
144,1084,1569,Sham19Y0148529,353,491,973,388,96
144,1,473,Sham19Y0148529,480,626,1103,375,98
145,1,667,Sham19Y0148529,353,973,1638,530,98
145,667,1561,Sham19Y0148529,354,1,895,718,98
146,1327,1442,Shamela0001002,2485,406,521,85,94
146,1327,1442,Shamela0035100,5242,1117,1232,85,94
146,1,675,Sham19Y0148529,354,895,1568,535,98
146,675,969,Sham19Y0148529,355,1,293,234,97
146,1327,1442,JK001330,700,779,891,85,96
146,1327,1442,JK001330,701,333,448,85,94
146,1327,1442,Shamela0006910,44,821,936,85,94
146,1327,1442,Shamela0005742,69,1312,1427,85,94
146,1171,1293,JK007584,27,52,175,95,98
146,1171,1293,Shia003636Vols,6790,1372,1494,96,100
146,1299,1442,Shamela0000093,70,502,622,89,81
146,1171,1293,Shamela0006743,33,426,548,96,100
146,1171,1293,Shamela0009783BK3,147,1432,1555,90,94
146,1327,1459,JK007571,12,853,993,90,83
146,1327,1442,Shamela0009788,348,1031,1146,85,94
147,182,442,Kraken210630005153,5002,576,939,163,52
147,1116,1480,JK009296,915,794,1131,221,71
147,279,737,Shamela0021510,131,243,676,306,83
147,169,449,JK009370Vols,2236,872,1452,170,36
147,455,737,JK009370Vols,2237,1,278,208,90
148,144,648,Sham19Y0019199,568,455,735,177,39
149,823,1587,Kraken220218125252,335,59,936,430,51
152,444,1084,Sham19Y0020762,1525,778,1509,350,50
152,358,605,Shamela0007853,1011,1269,1569,160,62
152,605,1090,Shamela0007853,1012,1,511,287,58
152,358,908,Shia002185Vols,3575,58,711,372,67
152,382,845,MMS00013,716,1011,1492,314,80
152,845,1187,MMS00013,717,1,379,220,66
152,382,1178,MMS00013,1156,63,777,429,61
152,697,916,JK001040,68,1126,1321,119,65
152,358,568,Shamela0001687,8000,1323,1593,151,71
152,334,1187,JK000919,83,219,1196,620,78
152,444,908,Rafed0002163Vols,24,93,463,185,41
152,361,623,Masaha001864Vols,2046,548,822,163,71
152,354,787,JK010766,425,987,1524,307,71
152,787,1178,JK010766,426,1,464,285,77
152,334,1218,Kraken22021606120800,106,346,1355,612,75
152,366,1143,ShamAY0033595,22,40,945,575,78
152,382,1090,Shamela0006897,351,6,728,416,63
154,241,1099,JK003609,1363,260,1117,562,78
154,241,571,Sham19Y0148529,480,1141,1479,255,96
154,571,1057,Sham19Y0148529,481,1,488,390,99
154,257,1057,Kraken210630005153,460,92,836,503,76
154,244,1057,Shamela0001595,10,300,975,456,67
154,254,582,Shamela0010283,25,1194,1524,238,92
154,582,1057,Shamela0010283,26,1,430,332,87
154,241,1057,Shamela0009099,174,394,1207,565,83
155,1399,1530,Sham19Y0073348,906,631,762,99,95
155,769,1530,Shamela0001002,1630,1,767,569,93
155,611,1524,Shamela0026350,23,667,1534,639,87
155,1093,1203,JK010475,7,769,881,73,87
155,688,1134,Sham19Y0021505,390,1118,1565,331,94
155,1139,1530,Sham19Y0021505,391,7,400,294,93
155,688,1530,Sham19Y0000259,906,350,1197,630,93
155,8,103,Sham19Y0019199,1674,261,356,73,98
155,684,1129,Sham19Y0038155,194,1072,1517,345,98
155,1129,1530,Sham19Y0038155,195,1,407,313,96
155,688,885,ShamAY0000443,1234,364,558,137,87
155,688,785,Sham19Y0147597,1215,1223,1320,76,100
156,995,1530,Shamela0001002,1630,947,1484,376,78
156,1,282,Shamela0001002,1630,767,947,96,36
156,995,1530,Shamela0026350,24,182,774,367,70
156,1,282,Sham19Y0021505,391,400,580,96,36
156,995,1530,Sham19Y0021505,391,580,1118,373,78
156,995,1170,Sham19Y0000259,906,1377,1497,98,68
156,1,282,Sham19Y0000259,906,1197,1377,96,36
156,1051,1530,Sham19Y0000259,907,41,417,291,75
156,1,1173,Sham19Y0038155,195,407,1535,884,93
156,1173,1530,Sham19Y0038155,196,1,360,285,98
157,22,621,Shamela0001002,1631,1,596,407,84
157,1,621,Shamela0026350,24,774,1389,431,87
157,1,423,Sham19Y0021505,391,1118,1533,290,85
157,431,621,Sham19Y0021505,392,6,198,126,82
157,1,621,Sham19Y0000259,907,417,1034,437,86
157,1,784,Sham19Y0038155,196,360,1143,594,94
158,398,554,Sham19Y0000259,684,1,150,109,89
158,372,544,Shamela0001000,115,778,955,116,84
158,364,544,Shamela0008675,643,438,658,125,73
158,378,554,Sham19Y0029560,1449,57,234,121,87
158,378,544,JK009204,31,1169,1325,117,89
158,815,1612,ShamAY0032275,459,940,1303,269,40
158,311,544,Shamela0005446,259,701,956,134,65
158,378,544,Shamela0011056,38,1001,1157,117,89
158,368,544,Shamela0001003,816,642,830,124,84
159,1,298,ShamAY0032275,459,1303,1602,232,94
159,369,1126,ShamAY0032275,460,1,530,425,68
160,1165,1386,Shamela0010798,1697,257,492,161,84
160,1160,1376,Shamela0009225,83,253,469,167,92
161,1292,1522,JK010298,272,1,279,163,69
161,257,495,Sham19Y0014579,1998,1207,1475,87,30
161,1299,1522,JK003502,1686,1,274,157,68
161,1260,1375,Rafed0000230Vols,751,1119,1240,87,90
163,372,544,Shamela0021723,921,794,959,113,70
166,520,691,JK007607,10,1116,1345,119,68
168,1,615,JK003502,141,1000,1619,493,95
168,615,1638,JK003502,142,1,985,756,88
169,1,668,JK003502,142,985,1641,526,95
169,688,1018,JK003502,143,5,320,253,94
171,430,825,Shamela0010912,648,1,357,264,85
171,349,608,Shamela0012398,2816,1274,1533,201,98
171,608,834,Shamela0012398,2817,1,187,138,79
171,349,736,Shamela0006676,308,1139,1527,299,97
171,349,884,JK009296,215,1227,1382,67,14
171,349,505,Masaha004217,5,917,1072,121,97
172,369,938,Sham19Y0000259,868,489,1445,448,57
172,944,1108,Sham19Y0000259,869,1,493,118,29
172,747,1108,Zaydiyya0000037Vols,1724,207,681,135,30
172,375,664,Masaha004217,283,1421,1714,225,94
172,720,1108,Masaha004217,284,439,1365,284,38
173,558,1118,JK003609,3653,789,1389,296,55
173,558,1118,Shamela0010798,3495,371,1006,278,49
173,558,1109,Shia003727Vols,211,845,1523,265,45
173,558,1118,Sham19Y0127698,462,83,675,304,58
173,949,1118,Shia004456Vols,1851,114,283,129,92
173,564,1118,Shamela0012398,1275,833,1364,306,62
173,558,1394,Zaydiyya0000276,105,191,697,265,38
173,558,1140,Shia004693Vols,582,757,1363,308,56
173,558,1118,Shia004092Vols,9847,434,1064,276,48
173,605,1122,Shia004092Vols,9857,593,1264,256,42
173,964,1118,ShamAY0036018,30,459,619,122,93
173,558,1118,Shamela0001000,548,477,1084,303,56
173,724,1122,Rafed0002654Vols,9969,80,559,183,42
173,564,1069,JK009306,247,529,1015,258,58
173,773,1118,Shia001555Vols,1126,1,379,189,56
173,975,1118,Rafed0001915,143,1,143,110,94
173,558,1059,Sham19Y0029560,1326,1025,1553,254,54
173,760,1118,Shia003764Vols,285,29,417,198,57
173,530,1118,JK003502,837,440,1067,306,57
173,964,1118,Zaydiyya0000195,59,1105,1259,109,83
173,558,1118,Shamela0001023,83,538,1176,279,49
173,605,1118,Shia003729Vols,305,1,712,260,43
173,964,1118,Shia003636Vols,10633,297,452,109,84
173,558,1080,Shia003636Vols,10935,946,1515,268,52
173,964,1118,Shia003636Vols,13835,145,469,122,45
173,558,1140,Shamela0006617,1089,842,1406,291,57
173,964,1118,Rafed0000230Vols,511,662,815,120,95
173,964,1118,Rafed0000230Vols,513,124,446,122,46
173,564,1118,Shamela0010664,252,37,590,298,62
173,558,1394,Shamela0009091,1052,204,808,303,40
173,174,558,Shamela0009607,428,942,1363,188,50
173,558,1094,Shamela0009607,429,1008,1530,410,95
173,564,1118,Shamela0009788,968,125,659,312,64
174,656,811,JK003609,5614,1408,1562,115,94
174,656,821,ShamAY0037021,226,39,206,124,95
174,614,821,Shamela0023764BK3,692,5,212,145,84
174,614,859,Shamela0006739,1187,753,997,149,71
174,1,163,Shamela0009607,430,99,262,128,99
175,1197,1389,JK003609,3151,1296,1509,138,81
175,1227,1397,JK007011,165,1301,1475,119,87
175,1227,1389,Shamela0000471,114,975,1139,117,90
175,858,1113,Shamela0006676,310,507,802,166,71
175,1197,1389,Sham19Y0029560,1132,265,450,125,81
175,1197,1437,Sham19Y0029560,1140,1021,1295,147,66
175,555,726,Shamela0037486,19,520,681,123,90
175,858,1132,Shamela0037345,104,978,1302,179,70
176,93,335,JK003609,6284,1239,1520,176,78
176,1382,1524,Shamela0005448,20,79,278,110,68
176,470,575,Sham19Y0020762,472,1029,1135,79,96
176,103,441,Shamela0035100,4723,420,784,249,87
176,1382,1528,Shamela0012398,406,1005,1209,113,69
176,210,441,Sham19Y0000259,1170,1,273,175,81
176,278,441,JK007601,31,1,164,128,99
176,470,634,Rafed0002267,177,1236,1401,98,80
176,470,597,ShamAY0033832,158,609,737,94,95
176,1341,1528,Sham19Y0000760,656,290,520,118,60
176,103,441,Shamela0001000,1624,742,1118,248,82
176,892,1229,Zaydiyya0000142,723,1184,1428,129,46
176,736,1132,Shamela0010768,248,1120,1552,270,76
176,1382,1528,Sham19Y0023644,4928,364,565,108,67
176,93,441,ShamAY0033733,141,751,1131,256,83
176,1382,1528,Shamela0010283,864,1046,1251,108,66
176,103,441,Rafed0002341Vols,1306,131,508,251,84
176,103,441,Sham19Y0029560,767,286,671,249,82
176,441,597,Shamela0021105,36,149,306,112,91
176,736,1224,Shia003636Vols,5664,646,1280,340,65
176,1382,1528,Shamela0000623BK1,36,1070,1274,109,67
176,1382,1528,Shamela0012406,2516,1152,1357,108,66
176,736,1224,Shamela0000515,65,588,1223,343,66
176,470,597,Shamela0006743,975,279,407,94,95
176,93,441,Shamela0009091,553,554,945,250,79
176,93,441,Shamela0037345,134,408,789,248,82
176,1382,1528,JK000927,1715,101,305,108,66
176,1382,1528,JK000927,4190,712,915,108,66
177,934,1192,JK003502,1180,140,405,204,94
178,822,924,JK010637,14,929,1031,74,96
178,822,924,Kraken210630005153,3069,94,196,74,96
178,784,929,Shamela0026878,61,180,418,93,51
178,822,929,Kraken22041319410300,12,961,1122,70,58
178,814,924,Sham19Y0038155,249,346,456,84,100
178,822,929,Shia002264,351,1064,1225,70,58
178,525,929,JK003502,1180,409,798,294,91
178,784,924,Sham19Y0022797,342,1260,1493,90,51
178,924,1451,Shamela0037486,20,763,893,107,24
178,814,924,ShamAY0037917,5,1378,1488,84,100
178,822,924,Shamela0009788,1572,86,246,76,62
179,634,808,Shamela0005390,76,305,489,134,87
179,673,808,Kraken220308195638,319,1312,1447,89,68
179,649,808,PV20220525,569,177,338,124,95
179,649,909,Shamela0008675,374,910,1190,189,84
179,514,1076,JK009296,362,1155,1419,169,37
179,514,1076,JK003502,1482,734,961,166,36
179,649,808,Shamela0005446,682,290,449,126,96
179,307,529,Shamela0005446,710,1219,1441,174,98
179,550,909,Rafed0000230Vols,632,631,1295,252,47
179,669,909,Shamela0001003,561,1,392,178,56
180,977,1108,Sham19Y0020762,1663,546,698,97,82
180,986,1108,Shamela0021105,90,630,753,85,90
180,1222,1468,Shamela0006743,974,1240,1496,190,92
180,973,1108,Shia002294Vols,828,842,980,105,97
181,741,947,Shamela0037886,4,949,1119,140,82
181,683,928,Shia004456Vols,3344,71,317,198,98
181,259,431,Shamela0005446,711,78,250,137,100
181,741,947,JK001082,216,1528,1698,140,82
184,892,1580,JK003502,910,1033,1465,222,35
184,1,813,JK003502,1967,242,1424,559,56
185,71,1116,JK003502,911,1,989,744,87
186,24,1041,Sham19Y0019199,529,1332,1648,192,23
186,61,381,Shamela0031371,363,751,1112,246,84
186,49,381,ShamAY0032275,238,327,693,252,85
187,933,1211,Sham19Y0020762,2439,141,295,101,44
187,933,1211,Shamela0009427,237,204,432,125,52
187,971,1162,Shamela0010646,1662,20,211,93,50
188,1,312,JK009296,408,704,981,207,81
188,648,745,Shamela0010665,75,485,582,72,95
189,461,797,JK000998,281,109,554,229,66
189,161,425,Sham19Y0019199,592,560,788,129,53
189,461,581,Sham19Y0019199,1695,1,121,94,100