ms1,b1,e1,id2,ms2,b2,e2,ch_match,matches_percent
4,1114,1396,Shamela0026754,3,34,276,169,73
4,676,1057,Shamela0026365,1,61,538,168,34
4,1062,1178,Shamela0026365,16,1304,1424,89,95
4,1137,1372,Shamela0026877,2,427,629,143,74
4,967,1409,JK000916,5287,1060,1482,185,41
4,931,1372,Shamela0026566,93,373,825,190,44
4,1070,1402,JK009391,31,723,978,178,67
4,1137,1396,Shamela0026655,7,1135,1373,176,84
5,927,1067,JK000471,548,240,366,97,90
5,922,1067,Shamela0035100,706,239,370,101,90
5,904,1096,ShamAY0035230,12,1168,1351,118,78
5,182,482,Shamela0029769,9,1107,1416,148,53
5,1127,1325,ShamAY0033556,62,552,833,143,63
5,904,1067,JK000479,262,501,658,113,85
5,1076,1371,Shamela0005724,20,1139,1445,147,46
5,904,1067,Sham19Y0001729,788,859,1006,109,86
5,1076,1331,ShamAY0033567,4,276,688,175,52
5,904,1162,Shamela0000736,3261,604,871,128,53
5,910,1067,Sham19Y0017878,574,699,840,104,85
5,927,1067,Shamela0000427BK2,1185,311,437,97,90
5,182,397,JK000047,3,945,1155,151,88
5,922,1101,JK009158,491,6,189,108,71
5,904,1131,ShamAY0032921,151,934,1152,128,69
5,904,1067,JK006838,1684,570,706,100,76
5,904,1067,JK007043,2573,690,856,123,96
5,904,1067,Sham19Y0146127,825,1143,1283,109,85
5,904,1213,Shia003488Vols,752,242,546,133,52
5,904,1112,JK000469,533,973,1168,126,75
5,904,1104,JK000786,684,192,390,124,74
5,922,1104,JK009324,526,363,500,86,64
5,832,1152,Shamela0008247,12,584,833,151,61
5,922,1067,Shamela0010906,701,263,394,101,90
5,832,1061,ShamAY0034569,178,92,267,129,72
5,904,1057,Shamela0001524,3450,1302,1471,113,85
5,904,1192,Shamela0001524,3454,637,968,139,52
5,904,1067,Sham19Y0123510,552,92,240,113,90
5,791,1061,Shamela0008244,153,100,287,137,64
5,904,1104,ShamAY0038116,97,284,470,117,74
5,648,1231,JK000484,1618,390,807,220,45
6,340,710,JK000441,33,91,450,271,89
6,378,685,Shamela0005724,21,3,342,238,87
6,497,710,JK000142,534,0,270,157,70
6,363,607,PV2024060602,5130,1187,1442,164,72
6,725,1117,ShamAY0033598,291,256,614,233,71
6,906,1104,Shamela0005742,59,33,261,122,68
6,186,542,JK009142,220,1059,1452,184,52
6,542,847,JK009142,221,0,319,151,48
6,313,959,ShamAY0033567,18,740,1437,382,65
6,890,1191,ShamAY0033567,24,6,347,177,63
6,1124,1418,ShamAY0032786,10,1131,1338,112,45
6,166,617,Shamela0022882,71,1060,1513,311,82
6,0,152,Shamela0022882,72,240,402,110,86
6,472,815,Shamela0011314,29,0,396,147,38
6,367,878,Shamela0005803,209,0,567,276,49
6,363,710,Sham19Y0131521,3153,6,413,239,67
6,417,710,Sham19Y0020944,492,835,1188,202,66
7,200,745,Shamela0007798,4773,136,555,302,68
7,1113,1348,Shamela0000222,5,457,644,129,71
7,238,745,Shamela0026660,13,314,910,323,64
7,256,718,JK009396,605,1049,1462,298,79
7,296,697,Shamela0030518,20,984,1331,199,54
7,219,718,JK000481,164,794,1293,346,84
7,235,809,JK000435,156,18,673,373,68
7,200,745,Sham19Y0018103,2513,207,731,325,69
7,238,718,Sham19Y0018103,2907,458,854,299,78
7,200,745,ShamAY0033910,434,551,1077,379,84
7,238,745,Shamela0021715,5992,352,851,316,70
7,238,718,Shamela0021715,7073,675,1070,299,77
7,200,745,Sham19Y0016584,2825,130,654,325,69
7,238,657,Sham19Y0016584,3287,116,455,252,75
7,200,598,JK000110,1014,1088,1410,211,68
7,238,718,JK000110,1256,532,928,299,78
7,351,718,Shamela0011137,13,0,324,231,78
7,200,598,PV2024060602,1014,1088,1410,211,68
7,238,718,PV2024060602,1256,532,928,299,78
7,200,745,PV2024060602,7520,840,1365,379,84
7,253,605,JK009268,2360,1195,1508,230,82
7,296,749,Shia003636Vols,11980,554,938,263,74
7,296,745,JK000791,964,559,953,290,81
7,296,745,Masaha001946Vols,177,746,1154,276,72
7,264,745,JK009270,2068,476,953,331,83
7,243,630,Shamela0010517,2580,1197,1517,224,74
7,261,718,Shamela0010517,2584,502,877,284,78
7,246,567,Shamela0023578,1472,1157,1576,223,65
7,1039,1410,Shamela0009379,97,132,508,174,58
7,169,745,Shamela0038160,65,23,550,334,71
7,1175,1410,Shamela0021570,229,332,544,156,83
7,200,583,Sham19Y0018106,2647,1102,1413,202,68
7,292,718,Sham19Y0018106,3044,5,360,267,78
7,200,745,Shamela0004445,1192,822,1366,336,69
7,256,745,JK000436,106,245,696,322,80
7,238,718,Shamela0005756,11600,1158,1464,216,56
7,200,718,JK006474,1635,79,536,314,75
7,1171,1410,Shamela0021765,1861,1026,1261,174,90
7,1048,1410,JK000021,1034,316,652,210,69
7,253,605,Sham19Y0020891,4664,1088,1370,193,71
7,200,745,Shamela0008473,2331,866,1430,357,72
7,208,745,Shamela0025794,4583,453,1010,356,73
7,283,745,Tafsir09084,1142,452,923,287,68
7,200,745,Sham19Y0018176,1450,746,1277,325,68
7,238,718,Sham19Y0018176,1746,896,1292,299,78
7,200,745,Sham19Y0013252,6154,267,798,325,68
7,238,718,Sham19Y0013252,6843,571,967,299,78
7,296,745,Tafsir02011,1272,717,1061,212,55
7,200,745,JK000130,439,679,1204,379,84
7,365,745,Shamela0009270,102,8,521,266,64
7,200,661,Shamela0023700,2166,549,961,265,72
7,1175,1410,JK000485,400,894,1105,156,83
7,1086,1410,Shamela0012415,235,0,294,198,75
7,246,745,Shamela0022593,1050,489,933,322,80
7,246,724,JK000917,870,571,946,263,70
7,264,718,JK009362,1869,637,985,233,65
7,200,718,JK000916,22937,818,1322,348,80
7,271,745,JK000916,26108,0,430,317,84
7,238,718,Shamela0011314,179,80,511,323,84
7,264,718,Shamela0003118,7759,452,849,298,82
7,253,718,Sham19Y0014032,54,124,567,250,59
7,837,1410,ShamAY0034569,49,396,1418,420,51
7,979,1379,ShamAY0034569,189,968,1444,260,66
7,931,1410,ShamAY0034569,688,71,581,320,76
7,461,745,JK009141,1268,0,200,156,68
7,455,745,JK000533,3017,0,286,210,90
7,1171,1410,JK000474,3235,1074,1320,154,77
7,461,745,Sham19Y0013605,3094,876,1251,181,60
7,238,625,Sham19Y0013605,3510,1208,1514,227,73
7,196,745,Tafsir02100,72,660,1178,382,85
7,196,749,Tafsir02100,136,17,681,382,68
7,200,745,JK000475,470,909,1424,381,86
7,196,745,JK000475,2468,486,1003,382,86
7,196,749,JK000475,2532,544,1215,382,67
7,256,684,JK006476,645,82,448,227,66
7,261,718,JK001295,64,924,1303,287,78
7,208,745,Shamela0021809,2446,275,744,301,62
7,256,567,Sham19Y0023625,2601,1286,1546,193,77
7,246,745,JK001492,439,789,1256,294,67
8,372,749,JK000842,385,820,1189,218,63
8,749,957,JK000585,3398,1061,1304,125,56
8,433,1231,Shamela0010480,155,510,1124,278,37
8,182,794,Shamela0010480,156,525,1333,266,34
8,162,962,Shamela0010480,157,93,847,310,38
8,269,962,Shamela0005737,127,536,1229,530,94
8,433,691,ShamAY0038630,321,819,1057,132,56
8,349,957,ShamAY0032747,7,13,623,340,61
8,367,721,Tafsir02102,785,964,1381,213,57
8,306,634,Sham19Y0020591,769,957,1270,173,58
8,749,957,JK000022,2475,659,783,98,59
8,364,957,ShamAY0033910,713,43,685,345,60
8,306,953,JK000707,282,451,955,264,46
8,306,634,JK000142,480,125,436,173,58
8,332,749,PV2024060602,4095,280,664,231,64
8,306,634,PV2024060602,5077,0,311,172,60
8,344,638,PV2024060602,6176,95,401,174,63
8,364,957,PV2024060602,7801,157,799,345,60
8,332,749,JK000141,377,30,414,231,64
8,492,962,JK000784,77,17,500,269,62
8,501,957,JK000784,78,0,518,254,56
8,375,962,JK000784,317,491,1094,346,63
8,356,634,Sham19Y0001729,1630,1153,1416,154,63
8,364,907,Sham19Y0148271,1707,231,849,301,52
8,416,634,Sham19Y0020891,1360,1096,1296,132,68
8,364,721,Shamela0008473,1154,933,1318,209,62
8,364,946,Shamela0026039,176,676,1387,359,59
8,364,946,Shamela0025794,78,628,1358,349,55
8,344,638,JK000140,391,375,681,174,63
8,364,957,JK000130,720,8,650,345,60
8,344,552,JK007043,2291,1208,1403,117,69
8,753,957,Sham19Y0146127,2157,5,237,141,70
8,344,1003,Sham19Y0146127,3256,105,455,183,32
8,356,953,Shamela0013174,1449,188,741,291,57
8,344,638,Shamela0000782,399,945,1252,173,63
8,1055,1337,Shamela0030294,5,303,644,160,56
8,398,953,JK000917,319,804,1541,268,40
8,372,721,JK009390,4658,181,532,187,55
8,375,721,Shamela0008476,1691,951,1287,189,60
8,372,946,JK008001,6503,365,965,310,53
8,742,962,Shamela0009065,506,542,732,123,67
8,398,657,Sham19Y0016976,1055,916,1189,150,61
8,398,634,Sham19Y0014119,298,408,658,149,67
8,265,533,Shamela0021638,8,1055,1268,152,72
8,433,634,Shamela0012981,139,9,168,117,72
8,409,634,Meshkat00042485,2098,630,844,129,64
8,402,634,Sham19Y0017885,1512,1134,1379,138,62
8,265,533,Shamela0029847Vols,8,813,1026,152,72
8,364,957,JK000475,1149,78,719,345,60
8,359,946,JK000473,7,731,1435,372,63
8,306,634,Sham19Y0131521,2822,880,1193,173,58
8,402,634,JK000415,386,565,781,138,68
8,433,962,ShamAY0032772,5,500,899,240,54
8,980,1318,JK009150,461,503,899,161,48
8,187,794,Shamela0003722,8212,123,991,220,29
8,367,638,JK007111,1130,519,726,118,52
8,375,721,JK000154,3577,569,908,198,63
8,344,749,Shamela0009810,770,399,774,225,63
8,356,839,Shamela0013122,78,877,1434,318,69
8,372,826,Shamela0013122,79,969,1449,281,67
8,839,957,Shamela0013122,80,30,156,69,60
8,367,634,JK001492,214,29,271,145,61
8,1055,1327,JK001266,20,423,689,124,51
8,349,957,JK000467,787,4,344,189,35
8,225,946,JK000467,861,620,1323,361,51
8,225,957,JK000484,4080,621,1026,225,35
9,12,631,ShamAY0033569,9,793,1424,391,71
9,538,1027,ShamAY0033569,10,108,604,367,93
9,586,943,Sham19Y0013614,634,229,621,173,46
9,160,631,JK000132,808,58,480,301,80
9,538,895,JK000238,1618,879,1149,174,59
9,81,869,Shamela0026731,99,317,1440,569,61
9,160,1021,ShamAY0032903,19,0,1455,643,54
9,121,661,JK009153,191,654,1467,394,57
9,661,1101,JK009153,192,0,420,271,77
9,215,823,Shamela0021751,6699,625,1444,417,59
9,543,895,Tafsir02102,3767,14,295,173,61
9,854,1027,JK009334,28,19,167,100,71
9,215,658,Sham19Y0014309,2360,1149,1520,169,38
9,658,1027,Sham19Y0014309,2361,0,296,218,75
9,674,1040,Sham19Y0014309,2362,0,571,194,39
9,700,890,JK009152,1856,0,125,90,62
9,160,895,PV2024060602,4376,151,510,221,37
9,170,1027,PV2024060602,6420,0,780,460,58
9,612,895,JK000141,658,6,261,146,59
9,586,1027,Sham19Y0122257,2497,47,454,275,71
9,304,1027,Shia003101Vols,412,6,873,456,60
9,215,665,JK009336,1974,1101,1477,178,41
9,665,1027,JK009336,1975,0,330,245,84
9,700,895,Sham19Y0017437,1707,69,241,118,78
9,586,890,Sham19Y0017063,1009,118,314,140,60
9,450,1027,JK009325,1995,223,671,219,44
9,690,1027,Sham19Y0145212,2623,401,729,211,70
9,800,895,JK000001,726,146,239,71,96
9,215,1027,Kraken230106005528,751,442,1086,327,43
9,602,1027,Zaydiyya0000133,57,37,473,218,50
9,538,895,JK000198,1511,61,333,176,60
9,138,1027,JK009154,111,0,1041,600,66
9,215,1027,Shamela0001438,7493,256,1291,593,69
9,101,723,Shamela0030327,237,605,1502,464,61
9,723,1027,Shamela0030327,238,0,310,226,92
9,81,1027,JK009408,1721,267,1431,663,67
9,209,1027,JK000663,20,0,1114,619,68
9,160,895,Shamela0005756,12929,765,1392,350,56
9,59,1016,JK000021,1729,215,1424,619,61
9,12,400,JK000021,1730,30,330,209,67
9,160,1027,Shamela0008473,4604,355,1349,561,65
9,586,895,ShamIbadiyya0000433,539,60,328,183,72
9,543,895,Shamela0008203,124,362,600,140,47
9,586,1027,JK007045,637,453,801,238,64
9,160,1027,JK000140,635,260,1050,468,59
9,538,1040,JK009245,539,884,1378,352,89
9,81,647,JK010552,788,787,1408,350,66
9,543,1027,JK010552,789,54,464,282,72
9,602,895,Sham19Y0013252,7964,1080,1327,168,72
9,800,1027,JK007044,4677,21,602,126,26
9,160,1027,Shamela0023700,1668,555,1304,479,69
9,109,562,Shamela0001440Vols,182,313,637,179,44
9,538,943,JK000216,381,0,579,180,32
9,153,538,Shamela0010843,66,874,1331,186,41
9,586,895,JK000123,979,453,733,176,63
9,160,904,Shamela0000782,649,816,1488,376,54
9,244,1040,JK000917,1614,677,1313,362,50
9,513,987,Sham19Y0017903,830,1008,1416,256,67
9,160,1040,ShamAY0035884,3226,108,1197,569,60
9,244,690,JK009390,7434,697,1418,308,50
9,690,1027,JK009390,7435,0,295,205,75
9,281,1027,JK008001,3596,0,1204,545,54
9,297,983,Shamela0036446,656,961,1452,265,41
9,612,895,JK005202,2586,766,1019,144,57
9,215,1027,Shamela0010831,40,9,1112,610,67
9,586,890,Sham19Y0016976,1347,188,424,149,59
9,586,877,Sham19Y0014119,409,1205,1430,138,57
9,612,943,JK011153,3453,355,686,151,46
9,806,1027,Sham19Y0017747,1578,0,214,165,94
9,160,400,Shamela0001524,1643,1093,1323,171,86
9,589,1027,Shamela0001524,1644,13,447,291,76
9,160,1027,Shamela0001524,3315,103,901,453,53
9,121,1027,JK000474,3344,10,1063,560,58
9,215,773,Sham19Y0127677,5230,673,1469,416,63
9,773,1027,Sham19Y0127677,5231,0,229,174,87
9,586,895,JK000754,2411,762,994,157,62
9,586,943,JK009313,2955,207,589,200,55
9,547,838,JK009313,2979,0,278,154,68
9,543,1027,Sham19Y0131521,5058,545,935,281,73
9,209,1027,JK000883,1474,0,1014,537,60
9,538,987,JK007054,856,1053,1486,318,90
9,41,345,Sham19Y0149213,1167,495,718,165,67
9,101,631,Shamela0003722,4420,872,1442,300,52
9,538,1072,Shamela0003722,4421,173,710,371,86
9,612,895,JK000148,2663,28,263,132,53
9,7,1016,Shamela0029617,4,241,1476,693,65
9,25,1027,ShamAY0033590,114,24,1239,673,63
9,160,761,Shamela0000767,2004,1093,1390,189,40
9,149,423,JK008250Vols,1077,49,284,156,65
9,160,904,Shamela0021809,1943,832,1471,386,64
9,407,631,Shamela0021809,1944,398,592,122,61
9,612,943,JK000154,3663,686,1016,154,47
9,160,714,Shamela0009810,1264,1299,1540,137,30
10,4,350,JK000232,383,81,455,244,76
10,4,350,JK000232,659,492,868,246,77
10,751,1001,Shamela0009375,21,459,776,168,66
10,779,1006,Shamela0010637,358,809,1035,146,69
10,555,1006,JK009154,188,14,406,191,47
10,783,1110,Shamela0004445,3270,383,679,170,58
10,484,1199,Shamela0030327,93,319,1187,254,30
10,730,1285,Shamela0030327,94,66,630,169,25
10,743,1015,Shamela0026039,62,1300,1538,166,72
10,4,350,JK007043,680,186,564,243,77
10,4,350,JK007043,2213,445,816,242,77
10,12,350,Shamela0023700,1682,300,597,233,84
10,748,1001,JK009193,8,603,849,131,60
10,730,1102,Shamela0026742,7,211,675,188,44
10,363,1094,ShamAY0035240,7,463,918,281,46
10,796,1025,ShamAY0032856,3,379,590,151,84
10,751,1189,Shamela0030623Vols,373,47,399,209,59
10,751,1110,JK000916,10176,328,727,182,53
10,4,496,JK000916,15863,252,795,294,58
10,730,1025,Shamela0029778,2,17,383,187,61
10,831,1006,Sham19Y0018567,634,729,899,97,64
10,783,1001,JK000474,17,1165,1423,158,72
10,1270,1465,JK000474,4156,168,340,114,65
10,783,1025,JK000883,526,1165,1385,140,67
10,796,1006,Shamela0003722,3246,0,211,141,78
10,735,1025,Shamela0026389,139,654,950,172,66
10,730,1319,Shamela0009354,1,436,966,235,42
11,478,989,Shamela0026731,61,727,1211,285,61
11,663,989,Shamela0001727,884,513,833,240,92
11,1098,1456,Shamela0005737,24,273,659,228,66
11,809,989,Shamela0009375,11,0,192,141,93
11,663,989,Sham19Y0122406,2331,316,636,240,92
11,550,989,Kraken230112160108,7,0,470,301,77
11,537,1150,Shamela0026884,405,857,1385,261,46
11,471,989,Shamela0026487,70,294,757,346,84
11,1110,1309,Shamela0009870,147,174,392,110,57
11,663,989,PV2024060602,2916,640,960,240,92
11,1146,1465,Shamela0029976,23,1198,1461,147,51
11,742,989,JK009336,180,101,339,183,92
11,1098,1456,Shamela0030558,9,534,834,201,66
11,792,989,JK006897,353,674,879,137,83
11,340,792,Sham19Y0029805,3,63,563,197,46
11,605,960,JK000764,506,241,544,208,70
11,532,923,Shamela0029900,18,1077,1396,244,79
11,742,989,Shamela0001875,653,310,556,180,91
11,1017,1470,Shamela0010447,5,357,949,244,45
11,782,979,JK000080,325,0,472,143,38
11,363,671,JK009154,138,466,1161,171,31
11,1026,1470,JK009154,163,371,1016,223,38
11,460,979,JK010919,16,930,1423,361,85
11,1064,1422,Shamela0030327,133,1213,1510,200,64
11,1146,1470,ShamAY0033674,14,714,1066,208,65
11,767,989,ShamAY0032876,6,0,221,174,99
11,527,989,Shamela0009353,2,404,856,314,81
11,471,936,JK000532,215,1132,1476,252,69
11,840,989,Shamela0025794,4523,0,149,117,99
11,455,1248,JK001154,1,30,767,405,61
11,721,989,ShamAY0032872,2,0,255,199,94
11,368,663,ShamAY0032872,6,1134,1477,179,62
11,393,792,ShamAY0032872,15,270,732,194,45
11,742,989,Sham19Y0017616,231,1061,1312,193,98
11,460,1200,Shamela0010441,38,233,887,330,48
11,1141,1436,JK001207,2,1106,1422,209,78
11,471,1243,ShamAY0033532,1,316,916,375,59
11,726,989,Shamela0021536,256,547,791,169,78
11,537,989,Shamela0030594Vols,32,101,595,323,80
11,372,997,Shamela0030294,22,809,1380,391,76
11,745,989,JK009315,53,869,1196,170,66
11,450,866,ShamAY0033548,4,1076,1483,258,71
11,866,989,ShamAY0033548,5,0,123,98,100
11,471,989,Shamela0022882,164,908,1315,289,69
11,568,997,JK000916,1538,0,376,282,82
11,400,1271,Shamela0011417,23,10,827,410,50
11,742,989,Shamela0003118,743,60,289,176,90
11,663,989,JK000706,72,225,545,230,87
11,386,917,MMS00008,1245,1017,1520,319,68
11,663,989,Shamela0012981,806,448,782,233,86
11,1017,1465,Masaha004231Vols,841,620,1010,201,49
11,450,989,Masaha004231Vols,868,755,1285,354,75
11,455,1243,Shamela0012750,331,333,1073,422,58
11,695,989,Shamela0012531,446,5,273,203,88
11,471,1276,Shamela0026389,326,441,1199,414,57
11,742,989,JK001429,60,674,945,188,88
11,682,989,Shamela0021809,542,169,468,225,92
11,644,951,Sham19Y0016877,16,1197,1496,216,89
11,745,989,Sham19Y0020638,693,835,1071,181,94
12,0,133,ShamAY0033569,25,1209,1341,102,97
12,297,730,Shamela0008206,635,875,1247,244,65
12,371,689,Shamela0008206,806,0,254,189,72
12,357,730,JK000166,10815,119,467,212,66
12,0,133,Shamela0035100,10226,502,634,102,97
12,889,1184,Shamela0001727,1208,62,339,143,55
12,0,321,Sham19Y0123581,23,1063,1298,117,44
12,0,133,Sham19Y0123581,110,1060,1192,102,97
12,245,689,Shamela0026557,7,970,1335,281,80
12,484,689,Sham19Y0020591,1761,356,561,155,88
12,828,1184,JK000022,2561,307,613,160,50
12,415,689,Sham19Y0016618,63,553,819,209,94
12,889,1184,Sham19Y0122406,3215,740,1017,143,55
12,524,689,Sham19Y0014309,457,0,160,124,91
12,340,739,JK000707,12,979,1319,255,77
12,0,347,Shamela0010444,76,1080,1364,116,33
12,0,133,Shamela0005724,2,895,1027,101,96
12,705,1191,Shamela0005724,21,949,1468,342,81
12,297,689,Shamela0005724,22,846,1228,300,95
12,357,689,ShamAY0035960,580,915,1189,204,73
12,761,1096,Shamela0030700,6,1073,1471,219,65
12,468,689,Sham19Y0150960,1386,308,516,151,79
12,306,656,Sham19Y0014601,5819,538,847,214,72
12,511,689,JK000142,1076,0,173,133,89
12,889,1184,PV2024060602,3240,195,472,143,55
12,306,656,PV2024060602,5672,1164,1468,215,73
12,397,689,Meshkat00057178,3003,236,629,170,45
12,428,689,JK000098,169,984,1235,199,92
12,468,689,Sham19Y0122257,2630,1209,1401,146,81
12,468,684,Sham19Y0122257,2634,793,972,143,81
12,406,689,JK000791,1891,948,1201,187,79
12,340,684,Sham19Y0001729,64,144,455,238,82
12,468,689,JK009336,388,1219,1419,151,82
12,1007,1184,JK009336,3027,35,222,112,67
12,428,689,JK009143,433,1118,1367,190,86
12,761,1235,Shamela0030558,8,290,830,302,67
12,500,684,Sham19Y0145212,2803,579,737,124,82
12,480,689,Shamela0021659,72,993,1198,153,88
12,0,347,Shamela0026813,41,1057,1366,131,36
12,927,1184,Shamela0002863,478,792,1068,139,54
12,245,689,Shamela0000736,4745,931,1339,299,82
12,297,689,Shamela0000736,4746,81,451,221,61
12,313,689,Shamela0023578,2551,1095,1497,272,82
12,306,689,JK000764,152,11,353,231,71
12,0,261,Shamela0026851,6,1146,1405,117,44
12,0,133,Shamela0010447,5,949,1077,101,96
12,186,927,JK009154,159,536,1247,306,39
12,446,689,JK001187,147,782,1045,181,85
12,0,344,Shamela0030246,3,18,398,140,39
12,357,730,Shamela0005756,15443,92,422,222,69
12,340,689,JK009158,232,945,1308,230,71
12,415,689,Shamela0008353,129,1219,1482,209,93
12,465,689,Masaha004844,50,463,664,146,80
12,468,689,Sham19Y0020891,5036,1292,1484,151,83
12,353,689,ShamAY0035246,14,796,1101,227,81
12,0,239,JK001154,1,854,1071,95,44
12,403,689,Sham19Y0020868,502,0,257,196,82
12,0,415,JK001207,3,20,319,147,42
12,293,943,Shamela0009270,215,0,552,332,59
12,468,671,JK007044,4982,31,205,139,83
12,468,684,JK007044,4988,1082,1270,147,83
12,415,689,JK000704,114,187,427,179,79
12,186,671,JK009160,83,484,932,255,60
12,0,143,ShamAY0033572,2,320,462,103,92
12,0,133,Shamela0030594Vols,78,926,1055,100,95
12,465,689,Shamela0022593,2072,924,1348,147,41
12,235,689,ShamAY0033548,3,966,1388,314,85
12,751,1191,ShamAY0033548,13,1172,1562,265,74
12,935,1184,JK007065,543,1160,1378,131,59
12,0,133,Shamela0022882,299,52,173,95,90
12,403,689,JK009390,129,863,1109,169,71
12,446,689,JK008001,4372,1035,1319,170,71
12,815,1196,JK000699,6,330,673,249,82
12,480,689,JK009274,78,1141,1346,153,88
12,815,1043,Shamela0010906,3191,1006,1467,140,35
12,0,201,ShamAY0034569,780,1182,1409,120,67
12,306,689,JK009141,119,950,1272,218,67
12,0,133,ShamAY0033576,1,1246,1378,102,97
12,872,1196,ShamAY0033576,3,1066,1362,228,89
12,340,689,ShamAY0033576,24,822,1148,256,90
12,0,133,Masaha004231Vols,841,1010,1123,87,83
12,0,133,Shamela0012750,7,965,1097,102,97
12,186,524,Shamela0012750,178,1186,1441,183,69
12,524,689,Shamela0012750,179,0,177,135,93
12,745,1446,Shamela0012750,253,0,765,309,41
12,894,1196,JK000475,2123,732,895,111,46
12,0,301,Shamela0005803,6,487,814,141,45
12,357,689,JK000097,538,254,528,204,73
12,306,689,Sham19Y0131521,6125,571,913,238,74
12,536,689,Sham19Y0131521,6129,390,696,95,37
12,0,432,ShamAY0034005,310,860,1209,127,30
12,465,684,Shamela0009856,986,215,403,152,85
12,340,610,JK009159,108,1195,1431,156,64
12,353,689,JK009159,109,134,442,211,70
12,406,684,Sham19Y0020944,1097,1261,1531,194,80
12,540,689,JK009286,179,0,156,121,94
12,0,133,Shamela0006739,1658,774,902,96,91
12,436,689,Shamela0012884,4170,949,1205,184,83
12,967,1184,Sham19Y0020638,972,93,303,122,61
13,845,1038,ShamAY0038390,69,491,628,98,65
13,809,1020,ShamAY0038390,111,544,735,118,63
13,809,1475,Sham19Y0020591,292,888,1312,280,50
13,746,1413,JK000929,82,733,1432,451,75
13,1356,1475,JK009139,556,0,215,80,46
13,857,1038,JK000707,109,0,190,125,81
13,763,955,Shamela0005724,22,1249,1452,148,92
13,0,784,Shamela0005724,22,355,899,363,57
13,955,1475,Shamela0005724,23,0,516,382,87
13,845,1038,ShamAY0035960,82,685,827,95,63
13,809,1049,ShamAY0035960,88,519,724,125,59
13,825,917,Shamela0008540,934,190,290,70,92
13,759,1038,Shamela0008540,935,1188,1452,153,63
13,759,1475,Sham19Y0013667,1633,306,1019,500,83
13,776,1276,Sham19Y0013667,6818,119,572,272,61
13,759,1475,Sham19Y0013667,6819,612,1074,270,44
13,825,917,Sham19Y0014601,1286,501,605,70,88
13,763,1049,Sham19Y0014601,1331,872,1174,173,65
13,902,1475,Sham19Y0014601,1332,361,742,191,35
13,763,1475,JK000142,168,553,1023,290,48
13,763,1475,PV2024060602,4765,423,893,276,45
13,751,1097,Shamela0026324,4526,55,382,215,73
13,596,1475,ShamAY0034134,380,503,1298,510,67
13,655,1397,Sham19Y0018611,236,77,803,452,68
13,803,1475,Sham19Y0001729,699,814,1443,451,79
13,870,1038,JK009336,1339,1290,1447,116,84
13,0,318,Shamela0000736,2879,1112,1387,131,40
13,0,134,JK000488,109,1269,1402,102,95
13,0,143,ShamAY0032921,90,57,187,97,82
13,505,1251,JK007043,2770,871,1496,321,44
13,788,1409,Sham19Y0146127,431,863,1453,413,77
13,763,1475,Sham19Y0016599,1272,205,675,276,45
13,759,1038,JK000469,334,1087,1402,192,76
13,1041,1475,JK000469,335,0,431,331,92
13,776,1114,JK000469,1884,1063,1454,221,66
13,0,582,ShamAY0033548,10,962,1476,328,67
13,754,1475,ShamAY0033548,11,8,772,533,83
13,865,1475,Sham19Y0017903,202,687,1037,231,46
13,0,134,Shamela0022882,220,1008,1141,106,99
13,723,1015,JK000916,10075,1066,1435,180,59
13,1010,1475,JK000916,10076,5,494,337,79
13,763,1276,JK009324,609,721,1114,256,60
13,905,1475,Shamela0003118,3166,744,1320,421,85
13,763,1475,JK009141,526,893,1336,258,40
13,0,134,ShamAY0033576,23,1269,1390,97,90
13,763,1475,ShamAY0033576,27,162,889,536,89
13,352,582,ShamAY0033576,28,0,220,172,91
13,776,1143,JK000474,1333,721,996,175,57
13,263,582,Shamela0026871,26,549,803,170,64
13,743,993,Shamela0000956,1167,757,979,123,63
13,845,1038,JK000097,79,43,185,95,63
13,825,1475,Sham19Y0131521,1016,0,405,268,49
13,784,1406,Sham19Y0131336,441,0,631,466,89
13,825,917,Shia000963Vols,180,51,157,70,86
13,845,1038,JK009146,212,640,777,98,65
13,763,1108,JK009256BK1,3006,496,1085,175,35
13,780,970,Shamela0026668,324,1192,1392,123,76
13,970,1475,Shamela0026668,325,0,490,374,89
13,209,933,JK000484,839,1174,1446,190,32
13,933,1475,JK000484,840,0,539,408,89
13,683,1475,JK000484,865,722,1231,328,50
14,1019,1266,ShamAY0033569,13,0,255,197,95
14,0,197,Shamela0008544,1166,232,391,118,73
14,290,764,Shamela0005737,1,345,499,83,22
14,690,1266,Shamela0026557,7,254,903,397,72
14,0,174,Sham19Y0020591,292,1312,1461,103,73
14,9,219,Sham19Y0020591,371,762,964,154,90
14,713,1266,Shamela0026726,71,946,1542,325,59
14,713,1266,Shamela0009375,24,734,1315,315,57
14,1030,1266,Shamela0010444,5,0,233,179,92
14,0,562,Shamela0005724,23,516,1074,290,56
14,824,1266,Shamela0005724,23,952,1399,322,86
14,925,1266,Shamela0030700,8,0,351,258,88
14,0,197,Shamela0008540,936,148,320,119,75
14,9,219,Shamela0008540,1245,5,212,152,87
14,0,281,Sham19Y0013667,1633,1019,1229,161,70
14,0,187,Sham19Y0013667,1634,1298,1460,114,75
14,0,197,Sham19Y0013667,6819,1074,1239,112,70
14,9,197,Sham19Y0014601,1333,9,206,115,68
14,9,219,Sham19Y0014601,1650,880,1082,154,90
14,0,197,JK000142,168,1023,1195,121,76
14,9,219,JK000142,220,895,1097,154,90
14,0,197,PV2024060602,4765,893,1065,121,76
14,9,219,PV2024060602,4817,767,969,154,90
14,26,281,Sham19Y0001729,700,6,258,185,87
14,730,1266,Shamela0021681,23,406,1035,376,72
14,0,197,JK009336,1340,154,320,115,72
14,863,1266,JK000139,6,926,1359,288,80
14,327,1266,Shamela0030558,9,23,1171,487,46
14,792,1266,Shamela0010447,30,0,590,361,76
14,270,1198,JK009154,160,867,1466,332,38
14,764,1266,ShamAY0032770,43,862,1293,310,74
14,836,1266,Shamela0030327,133,57,514,311,82
14,910,1266,Shamela0030327,134,0,378,282,93
14,695,1266,Shamela0030246,1,340,975,401,76
14,103,281,Shamela0005756,3657,387,987,124,25
14,874,1266,Shamela0096239,57,738,1175,278,76
14,925,1266,Shamela0000700,7,546,904,249,83
14,339,1266,ShamAY0032872,10,828,1509,404,47
14,0,281,Sham19Y0146127,432,67,339,200,84
14,829,1080,Shamela0026542,119,1205,1457,175,80
14,1080,1266,Shamela0026542,120,0,181,145,96
14,0,197,Sham19Y0016599,1272,675,851,120,74
14,290,617,Shamela0030594Vols,78,402,1049,199,39
14,0,281,JK000469,335,431,705,207,89
14,820,1051,Shamela0030294,29,1196,1415,139,66
14,1051,1266,Shamela0030294,30,0,218,170,96
14,653,1142,ShamAY0033548,5,996,1495,303,69
14,0,281,ShamAY0033548,11,772,1055,218,95
14,816,1266,ShamAY0035884,345,438,908,254,58
14,764,1256,Shamela0022882,75,751,1312,311,66
14,439,1266,Shamela0022882,280,60,757,447,59
14,0,320,JK000916,10076,494,817,214,80
14,894,1266,ShamAY0034447,630,1025,1413,280,87
14,874,1266,Sham19Y0122255,49,1095,1532,279,77
14,820,1266,Shamela0011417,30,437,875,308,80
14,928,1266,Shamela0003118,362,218,565,257,89
14,0,128,Shamela0003118,3166,1320,1457,97,88
14,128,281,Shamela0003118,3167,0,146,108,87
14,733,1266,Shamela0010906,2387,465,1014,313,61
14,925,1266,Shamela0001524,418,987,1310,223,74
14,907,1266,ShamAY0033576,7,4,376,271,88
14,43,281,ShamAY0033576,27,898,1133,176,91
14,290,1266,Masaha004231Vols,198,693,1334,454,56
14,949,1266,Shamela0012750,260,0,307,234,91
14,890,1266,Tafsir02100,166,629,1027,259,74
14,894,1266,JK000475,2563,93,463,255,78
14,0,197,Sham19Y0131521,1016,405,577,121,76
14,9,210,Sham19Y0131521,1311,1291,1483,147,89
14,769,1266,ShamAY0034005,996,291,746,271,61
14,0,197,Sham19Y0020944,149,1189,1348,118,73
14,9,219,Sham19Y0020944,194,548,750,154,90
14,769,1266,Rafed0002209Vols,599,490,1017,372,86
14,863,1119,JK009149,393,1227,1494,171,73
14,290,958,Shamela0012865,75,1166,1472,209,38
14,958,1266,Shamela0012865,76,0,331,243,90
14,925,1266,Shamela0012884,4640,1064,1257,115,42
14,0,571,Shamela0026668,325,490,976,241,45
14,910,1266,Shamela0012014,384,539,762,121,44
14,0,281,JK000484,840,539,823,209,88
15,892,1111,Shamela0005675,22,820,1073,133,57
15,353,552,JK000943,99,488,694,142,87
15,358,552,Shamela0013039,57,455,654,152,96
15,824,1107,Shamela0013039,70,348,637,223,96
15,401,552,Shamela0025794,4428,0,140,106,87
15,566,719,ShamAY0038135,23,1137,1348,102,59
15,358,552,JK000735,59,1212,1397,126,80
15,645,1107,JK000916,19138,135,540,292,78
15,981,1107,Sham19Y0038171,2290,0,125,99,99
15,358,552,JK000475,2199,1050,1235,126,80