id,book,alignments,ch_match
AOCP2023090608,0636IbnCaskar.Takmila,1,197
AOCP2023090638Vols,1100Izkawi.KashfGhumma,2,480
AOCP20240501183,0524IbnTumart.AcazzMaYutlab,1,127
AOCP202502141169Vols,0484AbuBakrSurabadi.Tafsir,1,61
AOCP20250214681Vols,0942Khwandamir.HabibSiyar,2,548
AOCP202502191664Vols,0363Balcami.Tarikh,1,195
AOCP20250220654Vols,0903MirKhwand.RawdatSafa,1,146
AOCP20251104085,0736CalaDawlaSimnani.AdabSufra,1,232
AOCP20251104099,0805CabdKarimJili.KamalatIlahiyya,1,368
AOCP20251117019,0718RashidDinTabib.MiftahTafasir,1,396
AOCP20251117023,0748MuhammadIbnCuthman.MiftahHidaya,1,126
EShia0027411,0363QadiNucman.Idah,1,256
EShia0071536,0363QadiNucman.TawilDacaim,2,264
EShia0071807,1107QadiSacidQummi.SharhTawhidSaduq,36,9452
EShia0086596,0363QadiNucman.ManaqibWaMathalib,4,1225
Hindawi013538483,1375MuhammadHusaynHaykal.FaruqCumar,2,330
Hindawi015792571,1376IbrahimZaydan.NawadirUdaba,1,103
Hindawi016136305,1375MuhammadHusaynHaykal.ImbaraturiyyaIslamiyya,1,242
Hindawi017506357,1392TahaHusayn.MaratIslam,8,1860
Hindawi018175075,1375MuhammadHusaynHaykal.FiManzilWahy,1,293
Hindawi018385936,1377MuhammadKhidrHusayn.HurriyyaFiIslam,1,164
Hindawi018502737,1383CabbasMahmudCaqqad.Iblis,2,477
Hindawi019272704,1383CabbasMahmudCaqqad.FalsafaQuraniyya,2,423
Hindawi019640759,1423TharwatAbaza.SardQisasi,13,2160
Hindawi020604026,1375MuhammadHusaynHaykal.HayatMuhammad,6,1389
Hindawi020618509,1383CabbasMahmudCaqqad.InsanFiQuran,1,139
Hindawi027508303,1377NiqulaFayad.Khitaba,1,250
Hindawi027513138,1392TahaHusayn.WacdHaqq,1,191
Hindawi028570502Vols,1381SalimHasan.MawsucatMisrQadima,1,148
Hindawi030353837,1373MuhammadLutfiJumca.ThawratIslamWaBatalAnbiya,2,622
Hindawi036246035,1450FirasSawwah.RahmanWaShaytan,1,242
Hindawi040635716,1390AhmadFuadAhwani.TarbiyaFiIslam,2,340
Hindawi040706146,1383CabbasMahmudCaqqad.HadhihiShajara,2,409
Hindawi041584975,1331RuhiKhalidi.TarikhCilmAdab,2,471
Hindawi046286097,1443HasanHanafi.WahyWaWaqic,1,141
Hindawi046307961,1392TahaHusayn.FitnaKubraCaliWaBanuhu,1,141
Hindawi047090584,0255Jahiz.Rasail,1,148
Hindawi047174958,1383CabbasMahmudCaqqad.MaraFiQuran,1,129
Hindawi049164181,1443SayyidQimni.UsturaWaTurath,1,216
Hindawi052082590,1383CabbasMahmudCaqqad.HayatMasih,1,199
Hindawi057380918,1383CabbasMahmudCaqqad.AtharCarabFiHadaraUrubbiyya,1,336
Hindawi059616186Vols,1373AhmadAmin.FaydKhatir,2,322
Hindawi062413635,1381IsmacilMazhar.QissatTufan,3,546
Hindawi063827241,1372MuhammadLutfiJumca.BaynaAsadIfriqiWaNamirItali,1,249
Hindawi070427368,1379MuhammadAscadTalas.TarikhUmmaCasrIntilaq,4,823
Hindawi074603536Vols,1443SayyidQimni.HurubDawlatRasul,2,601
Hindawi079538572,1383CabbasMahmudCaqqad.ShuyuciyyaWaInsaniyya,1,88
Hindawi081859390,1450FirasSawwah.MughamaratCaqlUla,1,214
Hindawi083828042,1392TahaHusayn.FitnaKubraCuthman,1,216
Hindawi084602738,1450FirasSawwah.AllahKawnInsan,3,829
Hindawi085315384,1361CabdAllahHusayn.TarikhMinQablTarikh,3,554
Hindawi086930379,1378CabdWahhabCazzam.Shawarid,1,183
Hindawi090938482,1414ZakiNajibMahmud.ShuruqMinGharb,1,337
Hindawi091929150,1383CabbasMahmudCaqqad.IbrahimAbuAnbiya,2,637
Hindawi091931968,1360AbuCabdAllahZanjani.TarikhQuran,1,198
Hindawi092480704,1338TahirJazairi.AshharAmthal,1,240
Hindawi093849638,1383CabbasMahmudCaqqad.TafkirFaridaIslamiyya,1,336
Hindawi096279749,1352TadrusWahbi.CunwanTawfiq,10,3385
JK000001,0505Ghazali.IhyaCulumDin,1,139
JK000008,0728IbnTaymiyya.SiyasaSharciyya,1,296
JK000013,0281IbnAbiDunya.Shukr,1,77
JK000015,0281IbnAbiDunya.MakarimAkhlaq,1,228
JK000021,0458Bayhaqi.ShucabIman,2,402
JK000022,0430AbuNucaymIsbahani.HilyatAwliya,7,1759
JK000028,0728IbnTaymiyya.Istiqama,2,232
JK000046,0340IbnAcrabiBasri.ZuhdWaSifatZahidin,1,131
JK000057,0751IbnQayyimJawziyya.CuddatSabirin,1,184
JK000058,0751IbnQayyimJawziyya.RisalaTabukiyya,1,262
JK000060,0751IbnQayyimJawziyya.Fawaid,3,746
JK000062,0751IbnQayyimJawziyya.DaWaDawa,1,195
JK000063,0751IbnQayyimJawziyya.RawdatMuhibbin,1,165
JK000064,0751IbnQayyimJawziyya.BadaicFawaid,1,187
JK000065,0751IbnQayyimJawziyya.TariqHijratayn,3,446
JK000066,0885BurhanDinBiqaci.MasracTasawwuf,1,294
JK000069,0751IbnQayyimJawziyya.WabilSayyib,1,117
JK000071,0795IbnRajabHanbali.JamicCulumWaHikam,1,131
JK000077,0728IbnTaymiyya.ZuhdWaWarac,1,164
JK000079,0728IbnTaymiyya.AmradQulub,1,137
JK000081,0751IbnQayyimJawziyya.MadarijSalikin,2,204
JK000082,0751IbnQayyimJawziyya.MiftahDarSacada,2,454
JK000085,0243HannadIbnSari.Zuhd,3,849
JK000089,0751IbnQayyimJawziyya.HidayatHayara,2,316
JK000090,0751IbnQayyimJawziyya.IjtimacJuyush,2,204
JK000094,0751IbnQayyimJawziyya.AclamMuwaqqicin,1,237
JK000099,0751IbnQayyimJawziyya.Salat,1,258
JK000100,0751IbnQayyimJawziyya.ShifaCalil,6,860
JK000101,0751IbnQayyimJawziyya.SawaciqMursala,2,407
JK000102,0751IbnQayyimJawziyya.TibyanFiAqsamQuran,1,151
JK000104,0751IbnQayyimJawziyya.TuruqHukmiyya,1,234
JK000105,0751IbnQayyimJawziyya.ZadMacad,7,1561
JK000110,0256Bukhari.Sahih,8,1484
JK000122,0456IbnHazm.IhkamFiUsulAhkam,14,2555
JK000127,0795IbnRajabHanbali.TakhwifMinNar,1,117
JK000140,0279Tirmidhi.Sunan,1,229
JK000146,0792SadrDinIbnAbiCizzAdhraci.SharhCaqidaTahawiyya,2,318
JK000159,1044IbnBurhanDinHalabi.SiraHalabiyya,3,606
JK000166,0852IbnHajarCasqalani.FathBari,1,139
JK000179,1310BakriDimyati.HashiyaIcanaTalibin,1,187
JK000180,0756TaqiDinSubki.Ibhaj,1,121
JK000196,1118CabdHamidShirwani.HashiyaCalaTuhfatMuhtaj,1,118
JK000201,1353IbnCabdRahimMubarakfuri.TuhfatAhwadhi,1,165
JK000216,1120IbnMuhammadBurhanDinDimashqi.BayanWaTacrif,3,1138
JK000276,0505Ghazali.Mustasfa,1,161
JK000298,1031CabdRaufMunawi.FaydQadir,1,124
JK000302,0763IbnMuflihMaqdisi.FurucWaTashihFuruc,1,83
JK000315,0297IbnAbiShaybaAbuJacfar.Carsh,1,223
JK000326,0418HibatAllahLalikai.KaramatAwliya,1,135
JK000330,0728IbnTaymiyya.JawabSahih,9,1732
JK000333,0671AbuCabdAllahQurtubi.IclamBimaFiDinNasara,3,635
JK000343,0456IbnHazm.FisalFiMilal,1,153
JK000351,0728IbnTaymiyya.HasanaWaSayyia,2,246
JK000360,1246IbnCabdGhaniDihlawi.RisalatTawhid,1,161
JK000362,0728IbnTaymiyya.DarTacarud,8,1665
JK000365,0728IbnTaymiyya.MinhajSunna,5,863
JK000367,0728IbnTaymiyya.IqtidaSirat,5,1287
JK000368,0728IbnTaymiyya.Safadiyya,1,341
JK000370,0728IbnTaymiyya.SarimMaslul,2,406
JK000371,0728IbnTaymiyya.RaddCalaMantiqiyyin,4,731
JK000373,0728IbnTaymiyya.Nubuwwat,7,1643
JK000374,0728IbnTaymiyya.BughyatMurtad,1,249
JK000375,0728IbnTaymiyya.SharhCaqidaIsfahaniyya,2,339
JK000378,0728IbnTaymiyya.DaqaiqTafsir,6,1323
JK000381,0728IbnTaymiyya.MajmucFatawa,49,8214
JK000382,0728IbnTaymiyya.BayanTalbisJahmiyya,3,693
JK000386,0728IbnTaymiyya.SharhCumdatFiqh,1,112
JK000429,0748Dhahabi.Kabair,1,253
JK000435,0211CabdRazzaqSancani.Tafsir,1,118
JK000439,0204Shafici.AhkamQuran,1,207
JK000447,0338AbuJacfarNahhas.MacaniQuran,13,2231
JK000448,0562Samcani.AdabImla,1,179
JK000458,0982IbnMuhammadAbuSucud.IrshadCaqlSalim,3,428
JK000459,0104MujahidIbnJabr.Tafsir,3,226
JK000465,1255Shawkani.FathQadir,16,2736
JK000467,0405HakimNaysaburi.Mustadrak,2,298
JK000473,0219IbnZubayrHumaydi.Musnad,1,270
JK000474,0360Tabarani.MucjamKabir,6,1517
JK000475,0303Nasai.SunanKubra,1,260
JK000480,0454Qudaci.MusnadShihab,1,228
JK000485,0307AbuYaclaMawsili.Musnad,1,185
JK000487,0230CaliIbnJacd.Musnad,1,122
JK000545,0450AbuHasanMawardi.AclamNubuwwa,1,170
JK000583,1162IbnMuammadAbuFidaCajluni.KashfKhafa,1,83
JK000624,0414AbuQasimRazi.Fawaid,1,239
JK000637,0807NurDinHaythami.MajmacZawaid,4,905
JK000682,0327IbnAbiHatimRazi.CilalHadith,1,376
JK000728,0458Bayhaqi.MadkhalIlaSunanKubra,3,835
JK000754,1122MuhammadZurqani.SharhCalaMuwatta,1,189
JK000776,0463KhatibBaghdadi.MuwaddihAwham,1,171
JK000786,0235IbnAbiShayba.Musannaf,2,784
JK000791,0597IbnJawzi.ZadMasir,151,26268
JK000803,0741IbnYahyaAndalusiMalaqi.TamhidWaBayan,1,77
JK000805,1206IbnCabdWahhab.MasailJahiliyya,5,856
JK000818,0911Suyuti.TafsirJalalayn,13,2785
JK000865,0817MajdDinFiruzabadi.TanwirMiqbas,1,271
JK000869,0751IbnQayyimJawziyya.AmthalFiQuran,1,115
JK000871,0370IbnCaliJassas.AhkamQuran,1,100
JK000875,0403IbnZanjala.HujjatQiraat,1,144
JK000876,0710IbnAhmadHafizDinNasafi.Tafsir,8,1071
JK000883,0360Tabarani.MucjamAwsat,2,382
JK000899,0728IbnTaymiyya.RisalaFiTahqiqTawakkul,1,149
JK000902,0728IbnTaymiyya.RisalaFiRaddCalaIbnCarabi,1,118
JK000903,0728IbnTaymiyya.Tawba,2,413
JK000906,1270ShihabDinAlusi.RuhMacani,8,2089
JK000908,0281IbnAbiDunya.ManCashaBacdaMawt,1,227
JK000911,0630IbnAthirCizzDin.Kamil,17,3066
JK000912,0324IbnMujahid.SabcaFiQiraat,1,144
JK000916,0571IbnCasakir.TarikhDimashq,17,4583
JK000917,0543IbnCarabiIshbili.AhkamQuran,15,2725
JK000940,0769IbnCabdAllahTaqiDinShibli.AkamMarjan,1,131
JK000946,0369AbuShaykhIsbahani.AmthalFiHadith,1,595
JK000961,1307Qannawji.HusnUswa,11,2496
JK000966,0840IbnWazirYamani.ItharHaqq,1,294
JK000998,1255Shawkani.BadrTalic,1,217
JK001000,0578AhmadRifaci.BurhanMuayyid,1,103
JK001020,0403AbuBakrBaqillani.IcjazQuran,2,215
JK001036,1255Shawkani.IrshadThiqat,1,136
JK001095,0434IbnAhmadHarawi.Fawaid,2,957
JK001098,0630IbnMuhammadBadrDinRazi.HujajQuran,3,495
JK001110,0505Ghazali.JawahirQuran,23,5463
JK001189,0590IbnNasrJalalDinShayzari.ManhajMasluk,1,139
JK001214,0301AbuBakrFaryabi.Qadar,1,138
JK001288,0458Bayhaqi.ZuhdKabir,2,307
JK001295,0911Suyuti.Itqan,1,246
JK001297,0509IbnShahridarDaylami.Firdaws,3,418
JK001303,0911Suyuti.KhasaisKubra,4,719
JK001332,0320HakimTirmidhi.NawadirUsul,4,945
JK001414,0728IbnTaymiyya.FatawaKubra,7,1449
JK001420,0616MuhibbDinCukbari.TibyanFiIcrabQuran,47,7667
JK001477,0963CabdRahmanAbuFathCabbasi.MacahidTansis,1,113
JK001487,0387IbnBattaCukbari.IbanaCanSharica,2,413
JK001492,0762IbnYusufZaylaci.TakhrijAhadith,1,127
JK001493,0292Yacqubi.Tarikh,3,560
JK001496,0538JarAllahZamakhshari.Kashshaf,76,12564
JK003504,0249Azraqi.AkhbarMakka,1,162
JK005004,0911Suyuti.LaaliMasnuca,4,784
JK005005,0963IbnMuhammadIbnCiraqKanani.TanzihSharica,5,1088
JK005007,0597IbnJawzi.Mawducat,1,162
JK005020,0507IbnQaysarani.DhakhiratHuffaz,1,236
JK006474,0327IbnAbiHatimRazi.Tafsir,8,1135
JK006476,0489IbnMuhammadSamcani.TafsirQuran,77,12889
JK006478,0606FakhrDinRazi.MafatihGhayb,73,12777
JK006801,0852IbnHajarCasqalani.MatalibCaliya,5,1135
JK006838,0458Bayhaqi.DalailNubuwwa,5,1779
JK006870,1206IbnCabdWahhab.Tawhid,2,575
JK006886,1206IbnCabdWahhab.MukhtasarSira,1,101
JK006889,1206IbnCabdWahhab.TafsirAyatMinQuran,7,1279
JK006893,1206IbnCabdWahhab.MukhtasarTafsirSuratAnfal,1,97
JK006896,1206IbnCabdWahhab.KhutabMinbariyya,5,857
JK006919,0502RaghibIsbahani.MuhadaratUdaba,1,98
JK006950,0728IbnTaymiyya.RasailWaFatawa,8,1428
JK007018,0660SultanCulamaCizzDinDimashqi.TafsirQuran,131,27275
JK007021,0930IbnCumarBahraqHadrami.HadaiqAnwar,1,127
JK007040,0370AbuMansurAzhari.TahdhibLugha,1,389
JK007043,0321Tahawi.SharhMushkilAthar,1,218
JK007070,0974IbnHajarHaytami.Zawajir,1,197
JK007094,0412Sulami.Tafsir,2,199
JK007106,0246HishamSulami.HadithHisham,1,314
JK008001,0975MuttaqiHindi.KanzCummal,23,5205
JK009139,0450AbuHasanMawardi.HawiKabir,2,468
JK009141,0581IbnKharratIshbili.AhkamSharciyya,1,219
JK009158,0360AbuBakrAjurri.Sharica,1,153
JK009172,0281IbnAbiDunya.SifatNar,1,157
JK009190,0380AbuBakrKalabadhi.MacaniAkhbar,1,288
JK009214,0685IbnYahyaSulami.CiqdDurar,1,130
JK009216,0414AbuSacidNaqqash.FununCajaib,1,219
JK009220,0403AbuBakrBaqillani.Insaf,1,260
JK009226,0499MurshidYahyaIbnShajari.Amali,1,298
JK009229,0808MuhammadDamiri.HayatHayawanKubra,1,234
JK009231,0795IbnRajabHanbali.FathBariFiSharhSahihBukhari,2,243
JK009236,0894CabdRahmanSaffuri.NuzhatMajalis,2,274
JK009241,0911Suyuti.HawiLiFatawi,2,204
JK009245,1188ShamsDinSaffarini.GhidhaAlbab,1,248
JK009257,0465IbnHawazinQushayri.LataifIsharat,18,2781
JK009265,0774IbnKathir.NihayaFiFitan,20,3627
JK009266,0880IbnCadilHanbali.LubabFiCulumKitab,143,27561
JK009268,0730NizamDinNaysaburi.GharaibQuran,205,52687
JK009270,0885BurhanDinBiqaci.NazmDurar,134,25672
JK009274,0911Suyuti.FathKabir,2,956
JK009288,0414AbuHayyanTawhidi.Basair,2,768
JK009298,0386AbuTalibMakki.QutQulub,1,257
JK009313,0942IbnYusufShami.SubulHuda,17,3941
JK009325,0562IbnHamdun.TadhkiraHamduniyya,6,1423
JK009336,0606IbnAthirMajdDin.JamicUsul,5,1465
JK009362,1393MuhammadTahirIbnCashurTunisi.TahrirWaTanwir,107,20148
JK009365,1031BahaDinCamili.Kashkul,2,532
JK009379,0911Suyuti.Habaik,1,87
JK009390,1423CabbasAhmadSaqr.JamicAhadith,24,5768
JK009396,0450AbuHasanMawardi.NukatWaCuyun,162,30494
JK010001,1225IbnNasirNajdi.FawakihCidhab,41,6220
JK010397,1153IbnKannan.YawmiyyatShamiyya,1,368
JK010491,0510CawtabiSuhari.Ansab,1,72
JK010552,0390IbnZakariyaNahrawani.JalisSalih,5,1352
JK010729,0584IbnMunqidhShayzari.LubabAdab,5,784
JK010763,0573NashwanHimyari.KhulasatSiyar,3,571
JK011658,0450AbuHasanMawardi.AdabDunyaWaDin,1,227
Kraken2106220218081,0322AbuHatimRazi.Zina,4,994
Kraken210622021811,0322AbuHatimRazi.Islah,2,453
Kraken210827001347,0434MultipleDruze.RasailHikmaA,1,145
Kraken220208041045,0565IbnZafar.AnbaNujabaAbna,4,1372
Kraken22020817055001,0638IbnCarabi.Isra,1,96
Kraken22021802055200,0463KhatibBaghdadi.TarikhAnbiya,2,570
Kraken22021802055303,0325AhmadIbnHadiIlaHaqq.Najat,1,97
Kraken220218125253,0814IbnNahhas.MasharicAshwaq,1,253
Kraken220218125255,1283SafaDinBandaniji.JamicAnwar,1,197
Kraken22041020274100,0329IbnIbrahimQummi.QadayaAmirMuminin,7,1468
Kraken22041020274101,0346JacfarBinMansurYaman.Kashf,1,139
Kraken220413194022,1359FarajAllahZakiKurdi.MajmucatFatawaIbnTaymiyya,3,752
Kraken22041319410300,0974IbnHajarHaytami.Cumda,1,83
Kraken220413202144,0351AbuTayyibLughawi.Ibdal,1,111
Kraken220413203004,0652Mahalli.HadaiqWardiyya,2,438
LAL2016110801,0454Qudaci.Shihab,1,219
LMN20200829,0711IbnIbrahimCimadDinWasiti.QawacidFiSuluk,1,132
LMN20200928,0750IbnLuyunTujibi.InalaCilmiyya,1,108
LMN20251118,0434MultipleDruze.RasailHikmaB,1,117
MMS00013,0845Maqrizi.KhabarCanBashar,17,3921
Masaha000001Vols,0329IbnYacqubKulayni.UsulMinKafi,53,12066
Masaha000146Vols,0800IbnAbiHasanDaylami.IrshadQulub,1,461
Masaha000221,0350IbnJahham.Tawil,16,3987
Masaha000554Vols,1450NasirMakarimShirazi.AmthalFiTafsir,152,34960
Masaha000626,0381IbnBabawayhSaduq.SilsilatMutunFiqhiyya,4,1941
Masaha000989,0413ShaykhMufid.Muqnica,3,798
Masaha001007BK2,1450MutamarImamRida.MustadrakMasail,4,923
Masaha001028,0573IbnHibatAllahQutbDinRawandi.SalwatHazin,8,1553
Masaha001072,0705IbnYusufHilli.CudadQawiyya,2,831
Masaha001075,0905IbnCaliTaqiDinKafcami.Misbah,8,1689
Masaha001108Vols,0910IbnAbiJumhurAhsai.CawaliLaali,13,2022
Masaha001831,0360Tabarani.AkhbarHasan,1,372
Masaha001842Vols,0413ShaykhMufid.Irshad,3,646
Masaha001945,0290IbnHasanSaffar.BasairDarajat,22,5836
Masaha001946Vols,0893CamiriHaradi.BahjatMahafil,1,223
Masaha001961Vols,0966HusaynDiyarbakri.TarikhKhamis,3,1034
Masaha001978Vols,0955MuhammadKarakiHairi.TasliyatMujalis,17,4552
Masaha002028Vols,0581AbuQasimSuhayli.RawdUnuf,18,4141
Masaha002064Vols,0450IbnMuhammadCasimi.CasalMusaffa,2,593
Masaha002069Vols,0460ShaykhTusi.Ghayba,1,271
Masaha002070,0380IbnIbrahimNucmani.Ghayba,9,1550
Masaha002219,0803BahaDinNiliNajafi.SururAhlIman,3,553
Masaha002310,0800IbnAbiHasanDaylami.GhurarAkhbar,6,1110
Masaha002336,0483IbnMuhammadIbnMaghaziliWasiti.ManaqibCali,1,241
Masaha002473,0336IbnHumamIskafi.KifayatTalib,3,619
Masaha002862,0400IbnJarirTabariSaghir.Mustarshid,2,317
Masaha002865,0334IbnHamdanKhusaybi.HidayaKubra,1,168
Masaha002871,0333IbnCuqdahKufi.FadailAmirMuminin,1,182
Masaha002876,0813RajabIbnMuhammadBursi.MashariqAnwar,10,3661
Masaha002880Vols,0722IbrahimIbnSacdDin.FaraidSamtayn,6,2093
Masaha003034,0400IbnJarirTabariSaghir.NawadirMucjizat,3,635
Masaha003293,0803BahaDinNiliNajafi.MuntakhabAnwar,3,465
Masaha003294,0410IbnMardawayh.ManaqibCali,4,972
Masaha003296Vols,0300IbnSulaymanKufi.ManaqibImam,5,1385
Masaha003390Vols,0436SharifMurtada.Amali,1,231
Masaha003448Vols,0436SharifMurtada.Dharica,1,148
Masaha003709,0911Suyuti.AsmaBiqac,3,302
Masaha004105Vols,0827IbnIshaqKhwarizmi.ItharatTarghib,1,158
Masaha004387Vols,0885IbnFahd.IthafWura,1,202
Masaha004518,0797IbnCaquli.CarfTib,1,158
Masaha004568Vols,0449AbuFathKarajiki.KanzFawaid,3,1125
Masaha004580,0500CabdWahidTamimiAmidi.GhurarHikam,1,173
Masaha004648Vols,0320IbnMascudCayyashi.Tafsir,52,15345
Masaha004743,0436SharifMurtada.TanzihAnbiya,1,144
Masaha005108Vols,0329IbnCumarKashshi.Rijal,4,1265
Meshkat00042485,0950MuhyiDinShaykhZada.HashiyaCalaTafsirBaydawi,6,864
Meshkat00042488,0860AhmadSiwasi.CuyunTafasir,97,13892
Meshkat00057178,0537NajmDinAbuHafsNasafi.TaysirFiTafsir,64,8706
Meshkat0014420,0494HakimJushami.TahdhibFiTafsir,154,27329
Noorlib0000587,0363QadiNucman.Majalis,1,279
Noorlib0010584,0883ShihabDinBinNasrDaci.KitabIdah,4,672
Noorlib0010712,0612CaliIbnWalidYamani.TajCaqaid,3,400
Noorlib0015842,0145MufaddalIbnCumarJucfi.KitabHaftWaAzilla,2,335
Noorlib0035479,0286DaciQarmatiCabdan.ShajaratYaqin,1,152
Noorlib0035525,0481NasirKhusraw.WajhiDin,1,93
Noorlib0038508,0363QadiNucman.AsasTawil,18,3698
PV20230913,0910MuhammadIbnZahiraQurashi.ManhalMahul,1,159
PV2024060601,1450MultipleAuthors.KutubArbaca,188,60407
PV2024060602,1450MultipleAuthors.KutubSitta,11,2014
QuranAnalysis001,0001Quran.Mushaf,217,58629
Rafed0000040Vols,1450JacfarSubhani.BuhuthFiMilalWaNihal,8,1289
Rafed0000110,1450MurtadaMilani.HukmWaMawaciz,36,10375
Rafed0000185Vols,1450JacfarSubhani.SayyidMursalin,35,8330
Rafed0000685Vols,1381MuhammadHusaynMuzaffar.ImamSadiq,3,893
Rafed0000705Vols,1263JacfarSharicatMadarAstarabadi.BarahinQatica,34,9627
Rafed0001121,0560AbuMansurTabarsi.Ihtijaj,23,8144
Rafed0001140,0415QadiCabdJabbar.MutashabihQuran,3,337
Rafed0001406,1173IsmacilKhwajui.DurarMultaqita,7,2067
Rafed0001574,1391CabdRazzaqMuqarrim.MaqtalHusayn,2,371
Rafed0001617Vols,1323MuhammadCabduh.NahjBalagha,6,1015
Rafed0001713Vols,0988FathAllahKashani.ZubdatTafasir,229,52549
Rafed0001826,1403HashimMacrufHasani.DirasatFiHadith,5,1106
Rafed0002565Vols,1333CaliHairiYazdi.IlzamNasib,73,19657
Rafed0002654Vols,1019NurAllahTustari.IhqaqHaqq,59,13342
Rafed0002679Vols,1407MuhammadCaliMudarrisAfghani.MudarrisAfdal,2,253
Rafed0003150Vols,1328MuhammadJawadBalaghi.AlaRahman,15,2874
Rafed0003257Vols,1431MuhammadHusaynFadlAllah.TafsirMinWahyQuran,250,58520
Rafed0003376Vols,0631SayfDinAmidi.AbkarAfkar,1,86
Rafed0003462,0606FakhrDinRazi.QadaWaQadar,1,99
Rafed0003489,0774IbnKathir.MucjizatNabi,4,734
Rafed0003537Vols,1450IbrahimMusawiZanjani.CaqaidImamiyya,31,9562
Rafed0003591Vols,1091MuhammadMuhsinFaydKashani.CaynYaqin,4,555
Rafed0003630Vols,0606FakhrDinRazi.MatalibCaliya,1,126
Rafed0003669Vols,1160MullaNacimaTaliqani.ManhajRashad,5,1413
Rafed0003726Vols,1450DarTaqrib.MawsucaQuraniyya,16,2243
Rafed0003793Vols,0436SharifMurtada.NafaisTawil,4,685
Rafed0003799Vols,1450NasirMakarimShirazi.NafahatQuran,21,3894
Rafed0003830Vols,1416HasanSafiIsfahani.HidayaFiUsul,1,280
Rafed0003882,1403HashimMacrufHasani.TarikhFiqhJacfari,2,380
Rafed0003943Vols,0606RuzbihanBaqli.CaraisBayan,170,36806
Sham19Y0000259,1346LuisShikhuYasuci.MajaniAdab,1,103
Sham19Y0001729,0739CalaDinIbnBalban.Ihsan,1,204
Sham19Y0007233,0783IbnHadida.MisbahMudi,1,210
Sham19Y0009763,1349MuhammadCabdCazizKhawli.AdabNabawi,1,157
Sham19Y0009800,1394MuhammadAbuZahra.KhatimNabiyyin,18,4709
Sham19Y0011326,1317KhayrDinAlusi.FathAllahHamid,1,321
Sham19Y0013231,0468IbnAhmadWahidiNaysaburi.TafsirBasit,4,492
Sham19Y0013550,0716NajmDinTufi.Isharat,19,3050
Sham19Y0013572,0560WazirIbnHubayraShaybani.Ifsah,1,182
Sham19Y0013605,0786ShamsDinKirmani.Kawakib,6,1053
Sham19Y0013900,0388AbuSulaymanKhattabi.BayanIcjazQuran,1,93
Sham19Y0014114,0430AbuHasanHufi.Burhan,14,2661
Sham19Y0014283,1014MullaCaliQari.MawcizatHabib,2,417
Sham19Y0014309,1182IbnIsmacilSancani.Tahbir,1,450
Sham19Y0014328,1348MuhammadSulaymanMansurpuri.RahmatCalamin,2,859
Sham19Y0014404,0928MujirDinCulaymi.FathRahman,98,16032
Sham19Y0014579,1377MuhammadKhidrHusayn.AcmalKamila,5,883
Sham19Y0014592,1061NajmDinGhazzi.HusnTanabbuh,23,4026
Sham19Y0014827,0825IbnNurDin.TaysirBayan,2,503
Sham19Y0016362,0697IbnWasil.MufarrijKurub,1,226
Sham19Y0016584,0893IbnIsmacilShihabDinKurani.KawtharJari,5,1167
Sham19Y0016782,0401AbuCubaydHarawi.Gharibayn,1,134
Sham19Y0016934,0502CabdWahidRuyani.BahrMadhhab,1,266
Sham19Y0016953Vols,0728IbnTaymiyya.JamicMasail,7,1405
Sham19Y0017048,1228MahmudMaqdishSafaqsi.NuzhatAnzar,1,172
Sham19Y0017581,0728IbnTaymiyya.Tisciniyya,1,91
Sham19Y0017807,0743SharafDinTibi.Khulasa,1,251
Sham19Y0018103,0831ShamsDinBirmawi.Lamic,6,1336
Sham19Y0018106,0926ZakariyyaAnsari.MinhatBari,4,978
Sham19Y0018144,0316AbuCawana.Mustakhraj,1,277
Sham19Y0018147,0736IbnDawadari.KanzDurar,1,85
Sham19Y0018176,0911Suyuti.Tawshih,6,1285
Sham19Y0018194,0489Waqqashi.TacliqCalaMuwatta,1,97
Sham19Y0018272,1070MuhammadKibrit.SirajMunir,1,138
Sham19Y0018318,0751IbnQayyimJawziyya.KalamCalaMasalatSamac,1,108
Sham19Y0018567,0403AbuCabdAllahHalimi.MinhajFiShucabIman,7,1204
Sham19Y0020587,0728IbnTaymiyya.Iman,2,340
Sham19Y0020594,0776JamalDinSurramarri.KhasaisSayyidCalamin,2,383
Sham19Y0020642,1377AhmadMuhammadShakir.JamharatMaqalat,1,184
Sham19Y0020643,1346CabdQadirBadran.Jawahir,2,349
Sham19Y0020762,0710IbnAydamurMustacsimi.DurrFarid,1,140
Sham19Y0020891,0743SharafDinTibi.FutuhGhayb,105,16911
Sham19Y0020966,0338AbuJacfarNahhas.QatcWaItinaf,3,346
Sham19Y0020986,0335IbnWahbKatib.BurhanFiWujuhBayan,1,258
Sham19Y0021505,1362AhmadHashimi.JawahirAdab,3,497
Sham19Y0023608,1371AhmadMustafaMaraghi.Tafsir,194,37250
Sham19Y0023618,0873AbuZaydThacalibi.JawahirHisan,151,29340
Sham19Y0023644,0654SibtIbnJawzi.MiratZaman,10,2072
Sham19Y0026523,1372KurdCali.MajallatMuqtabas,1,189
Sham19Y0029560,0947BamakhramaHimyari.QiladatNahr,1,108
Sham19Y0029676,1362CabdQadirIskandarani.MajallatHaqaiq,2,266
Sham19Y0036540,1366AnastasKarmali.MajallatLughatCarab,1,262
Sham19Y0037562,1420CaliTantawi.TacrifCamm,2,342
Sham19Y0038093,1430MunicCabdHalimMahmud.ManahijMufassirin,2,358
Sham19Y0038155,1422CabdCazizSalman.MajmucatQasaid,1,84
Sham19Y0038171,1205MurtadaZabidi.TakhrijAhadithIhyaCulumDin,3,352
Sham19Y0039268,0458Bayhaqi.MadkhalIlaCilmSunan,2,673
Sham19Y0095660,1450MultipleAuthors.MaqalatMawqicDorar,5,863
Sham19Y0096629,1349CabdHamidFarahi.MufradatQuran,1,109
Sham19Y0122096,1182IbnIsmacilSancani.Tanwir,3,1084
Sham19Y0122173,0471CabdQahirJurjani.DarjDurar,3,421
Sham19Y0122397,0470IbnMandaCabdRahman.Mustakhraj,4,1203
Sham19Y0122406,0544QadiCiyad.IkmalMuclim,1,151
Sham19Y0123581,0564CabdKhaliqIbnAsadHanafi.Mucjam,1,81
Sham19Y0123665,0543IbnCarabiIshbili.MasalikFiSharhMuwatta,2,752
Sham19Y0127677,0911Suyuti.JamicKabir,23,5361
Sham19Y0132618,1103IbnCabdRasulBarzanji.Ishaca,1,203
Sham19Y0145166,1337CabdQadirMajlisi.NuzhatAfkar,2,425
Sham19Y0145210,1425IbrahimIbnCubaydAlCabdMuhsin.TadhkiraUliNahy,1,193
Sham19Y0145435,1411MuhammadTahirBarnaji.SahihWaDacifTarikhTabari,42,8792
Sham19Y0147312,0643MuntajibHamadhani.FaridFiIcrab,91,13889
Sham19Y0148271,0597IbnJawzi.JamicMasanid,1,68
Sham19Y0149697,1302IbnSalimMajlisi.LawamicDurar,1,356
Sham19Y0150960,1150IbnCaqila.Ziyada,8,1881
ShamAY0000055,1359CabdHamidIbnBadis.Tafsir,1,194
ShamAY0001202,1354RashidRida.WahyMuhammadi,1,227
ShamAY0002038,1450YasirCabdRahman.MawsucatAkhlaq,4,757
ShamAY0007299,1408JawadCali.MufassalFiTarikhCarab,5,1082
ShamAY0021514,1408CabdSalamHarun.NawadirMakhtutat,1,157
ShamAY0032757,0418AbuMansurIsfahani.Arbacuna,1,168
ShamAY0032826,0852IbnHajarCasqalani.GharaibMinMusannadFirdaws,7,2176
ShamAY0032887,0620IbnQudamaMaqdisi.Fawaid,2,815
ShamAY0033053,0852IbnHajarCasqalani.MukhtasarZawaidMusnadBazzar,1,191
ShamAY0033108,0360Tabarani.Tafsir,20,3281
ShamAY0033551,0489IbnFadlIsbahani.Arbacin,1,176
ShamAY0033595,0698IbnFaraGhassani.NuzhatAbsar,1,154
ShamAY0033596,0238IbnHabibQurtubi.WasfFirdaws,1,272
ShamAY0033599,0654SibtIbnJawzi.TadhkiratKhawass,1,112
ShamAY0033623,0429IbnIbrahimSarakhsiQarrab.FununCajaib,1,184
ShamAY0033731,0373AbuLaythSamarqandi.BustanCarifin,1,119
ShamAY0033834,0212NasrIbnMuzahim.WaqcatSiffin,1,131
ShamAY0034059,1127IsmacilHaqqiBurusawi.RuhBayan,12,2007
ShamAY0034080,0619IbnCabdWahidGhafiqi.LamahatAnwar,1,226
ShamAY0034106,0415QadiCabdJabbar.TanzihQuran,7,1059
ShamAY0034230,0914IbnYahyaWansharisi.Micyar,1,195
ShamAY0034275,0660SultanCulamaCizzDinDimashqi.AhkamJihad,1,269
ShamAY0034282,0319IbnMundhirNaysaburi.AwsatFiSunan,1,234
ShamAY0034434,0535QawwamSunna.MabcathWaMaghazi,1,138
ShamAY0034438,0432Mustaghfiri.DalailNubuwwa,1,210
ShamAY0034447,0842IbnNasirDinDimashqi.JamicAthar,2,463
ShamAY0035035,1205MurtadaZabidi.IthafSada,3,445
ShamAY0035288,0728IbnTaymiyya.Imama,1,227
ShamAY0035884,0230IbnSacd.TabaqatKubra,2,367
ShamAY0036031,1416MuhammadGhazali.JanibCatifi,4,536
ShamAY0036039,1416MuhammadGhazali.TaammulatFiDin,3,540
ShamAY0036178,0774IbnKathir.IjtihadFiTalabJihad,1,182
ShamAY0036821,0458IbnSidaMursi.IcrabQuran,129,31259
ShamAY0037152,1450MuhammadHadiYusufi.MawsucatTarikhIslam,226,66202
ShamAY0037386,0911Suyuti.IsraWaMicraj,1,203
ShamAY0037387,0597IbnJawzi.WafaBiAhwalMustafa,10,2156
ShamAY0038316,0728IbnTaymiyya.Intisar,1,107
ShamAY0038638,0311IbnBajirBajiri.JamicMusnad,1,275
ShamIbadiyya0000005,0361AbuSacidKudami.Istiqama,1,211
ShamIbadiyya0000007,0570AbuYacqubWarjalani.DalilWaBurhan,1,221
ShamIbadiyya0000038,1332NurDinSalimi.BahjatAnwar,1,112
ShamIbadiyya0000050,1332QutbAtfayyish.HamayanZad,7,1389
ShamIbadiyya0000075,1207SacidKindi.TafsirMuyassar,19,3723
ShamIbadiyya0000100,0570AbuYacqubWarjalani.CadlWaInsaf,2,607
ShamIbadiyya0000107,0670AhmadDarjini.TabaqatMashayikhBiMaghrib,1,173
ShamIbadiyya0000109,1332QutbAtfayyish.SharhNilWaShifaCalil,1,173
ShamIbadiyya0000129,0364AbuHasanBisyawi.Jamic,5,969
ShamIbadiyya0000135,1332NurDinSalimi.Mashariq,1,112
ShamIbadiyya0000185,1090KhamisShiqsi.MinhajTalibin,1,308
ShamIbadiyya0000193,1332QutbAtfayyish.Tafsir,2,358
ShamIbadiyya0000198Vols,0508MuhammadIbnIbrahimKindi.BayanSharc,1,115
ShamIbadiyya0000231,0361AbuSacidKudami.Muctabar,1,140
ShamIbadiyya0000259,1263NasirIbnAbiNabhanKharusi.TanwirCuqul,1,174
ShamIbadiyya0000279,1361SacidIbnNasirGhaythi.IdahTawhid,1,112
ShamIbadiyya0000391,1332NurDinSalimi.BadhlMajhud,1,193
ShamIbadiyya0000441,0275AbuHawariCumani.Diraya,2,398
ShamIbadiyya0000459,1364CamirIbnKHamisMaliki.GhayatMatlub,1,292
ShamIbadiyya0000482,0750IsmacilJaytali.ManasikHajj,1,234
ShamIbadiyya0000760,0510CawtabiSuhari.Diya,2,412
Shamela0000041,0510IbnMascudBaghawi.Tafsir,136,24870
Shamela0000432,1450DarIftaMisriyya.FatawaDarIfta,8,1191
Shamela0000552,1369MuhammadRida.Cuthman,1,120
Shamela0000767,0456IbnHazm.MuhallaBiAthar,2,497
Shamela0000782,1420MuhammadNasirDinAlbani.SahihWaDacifSunanTirmidhi,1,351
Shamela0000894,1450MawqicIslam.Fatawa,8,1698
Shamela0000922,0311IbnSariZajjaj.MacaniQuran,90,14095
Shamela0001340,0420IbnCabdAllahKhatibIskafi.DurratTanzil,2,309
Shamela0001388,0708IbnIbrahimAbuJacfarGharnati.Burhan,1,96
Shamela0001390,0502RaghibIsbahani.DharicaFiMakarimSharica,2,271
Shamela0001397,0403AbuBakrBaqillani.IntisarQuran,4,706
Shamela0001419,0708IbnIbrahimAbuJacfarGharnati.MalakTawilQatic,4,514
Shamela0001426,0792SadrDinIbnAbiCizzAdhraci.Tafsir,1,168
Shamela0001438,1450DarIftaMisriyya.JamicAhadith,24,5785
Shamela0001466,0977KhatibShirbini.SirajMunir,6,970
Shamela0001524,0845Maqrizi.ImtacAsmac,20,5062
Shamela0001687,0711IbnManzurIfriqi.LisanCarab,1,90
Shamela0001727,0261Muslim.Sahih,1,151
Shamela0002300,1421MuhammadCuthaymin.FatawaNurCalaDarb,4,784
Shamela0002386,1285IbnHasanAlShaykh.FathMajid,2,361
Shamela0003055,1450CulamaNajd.DurarSaniyya,15,2525
Shamela0003118,0711IbnManzurIfriqi.MukhtasarTarikhDimashq,18,4404
Shamela0003259,0276IbnQutaybaDinawari.GharibQuran,1,197
Shamela0003328,0458Bayhaqi.AhkamQuranLiShafici,1,207
Shamela0003580,0505IbnHamzaTajQurraKirmani.AsrarTikrar,1,109
Shamela0004445,0774IbnKathir.Bidaya,91,20235
Shamela0004473,1450JamicaIslamiyya.MajallaJIMN,73,14461
Shamela0005448,1304HaydarIbnSulaymanHilli.CiqdMufassal,2,577
Shamela0005455,1232IbnKhatibCumari.RawdaFayha,1,210
Shamela0005539,0854IbnDiyaMakki.TarikhMakka,1,286
Shamela0005550,0243HarithMuhasibi.FahmQuran,1,138
Shamela0005756,0855BadrDinCayni.CumdatQari,12,2422
Shamela0005816,0354IbnHibbanBusti.Thiqat,1,156
Shamela0006617,1111CabdMalikCasimi.SamtNujum,6,1462
Shamela0006626,0927Culaymi.UnsJalil,3,543
Shamela0006879,1307Qannawji.Yaqza,4,642
Shamela0006947,1354RashidRida.Manar,25,5398
Shamela0007292,0276IbnQutaybaDinawari.TawilMukhtalafHadith,1,206
Shamela0007435,0623AbuQasimRafici.Tadwin,3,1360
Shamela0007603,1206IbnCabdWahhab.JawahirMudiyya,1,113
Shamela0007631,0728IbnTaymiyya.RisalaAkmaliyya,1,260
Shamela0007637,1206IbnCabdWahhab.RisalaMufida,1,152
Shamela0007798,0310Tabari.JamicBayan,80,12763
Shamela0007853,0421AbuSacdAbi.NathrDurr,4,1191
Shamela0008061,0281IbnAbiDunya.MakaidShaytan,1,113
Shamela0008206,0387IbnBattaCukbari.IbanaKubra,3,609
Shamela0008215,0275AbuDawudSijistani.Zuhd,2,744
Shamela0008227,0381IbnCabdRahmanZuhri.Hadith,1,156
Shamela0008353,1188ShamsDinSaffarini.LawamicAnwar,1,84
Shamela0008362BK1,0832TaqiFasi.ShifaGharam,1,169
Shamela0008363,0774IbnMuhammadShamsDinIbnMawsili.MukhtasarSawaciqMursala,1,146
Shamela0008378,0666IbnAbiBakrZaynDinRazi.AnmudhajJalil,1,117
Shamela0008381,1450LajnaDaima.Fatawa,11,2107
Shamela0008473,0774IbnKathir.TafsirQuran,189,34104
Shamela0008555,1285IbnHasanAlShaykh.MatlabHamid,3,559
Shamela0008612,1450SalihFawzan.MajmucFatawa,2,222
Shamela0008983,0728IbnTaymiyya.WasitaBaynaHaqqWaKhalq,1,107
Shamela0009065,0360IbnCaliQassab.NukatDalla,8,1226
Shamela0009066,0479IbnFaddalQayruwani.NukatFiQuran,1,120
Shamela0009086,0926ZakariyyaAnsari.FathRahman,1,117
Shamela0009096,0515IbnHibatAllah.MajmucLatif,1,151
Shamela0009099,0911Suyuti.Muhadarat,1,84
Shamela0009182,0204Shafici.TafsirShafici,3,716
Shamela0009220,0728IbnTaymiyya.Iklil,1,99
Shamela0009231,0502RaghibIsbahani.Tafsir,7,1180
Shamela0009307,0281IbnAbiDunya.FarajBacdaShidda,1,232
Shamela0009416,0430AbuNucaymIsbahani.JuzAhadithCanAbiCaliSawwaf,1,394
Shamela0009429,0821Qalqashandi.SubhAcsha,3,571
Shamela0009567,0807NurDinHaythami.GhayatMaqsad,1,68
Shamela0009637,1342MahmudShukriAlusi.FaslKhitab,5,886
Shamela0009685,0733IbnJamacaBadrDinHamawi.TahrirAhkam,1,272
Shamela0009698,0399IbnAbiZamanaynIlbiri.RiyadJanna,1,190
Shamela0009728,0456IbnHazm.JawamicSira,2,258
Shamela0009759,1307Qannawji.NaylMaram,4,649
Shamela0009770,0634AbuRabicHimyari.Iktifa,16,3365
Shamela0009773,0279Baladhuri.AnsabAshraf,5,1009
Shamela0009783BK1,0310Tabari.Tarikh,14,2303
Shamela0009788,0626YaqutHamawi.MucjamUdaba,1,563
Shamela0009789,0415QadiCabdJabbar.TathbitDalailNubuwwa,2,268
Shamela0009823,0956IbnCumarShamsDinSafiri.MajalisWacziyya,2,473
Shamela0009856,0817MajdDinFiruzabadi.BasairDhawiTamyiz,1,109
Shamela0009918,1014MullaCaliQari.SharhShifa,3,957
Shamela0009924,1421MuhammadCuthaymin.FatawaArkanIslam,1,142
Shamela0010013,1376MuhammadHajwiThacalibi.FikrSami,1,185
Shamela0010273,1224IbnCajiba.BahrMadid,137,25856
Shamela0010283,0733Nuwayri.NihayatArab,39,7820
Shamela0010284,0728IbnTaymiyya.MustadrakCalaMajmucFatawa,1,216
Shamela0010460,0643CaliSakhawi.JamalQurra,1,110
Shamela0010463,0795IbnRajabHanbali.RawaicTafsir,4,841
Shamela0010482,0600CabdGhaniMaqdisi.Tawakkul,1,235
Shamela0010488,0373AbuLaythSamarqandi.TanbihGhafilin,2,271
Shamela0010517,1450HusamDinMusaCaffana.Fatawa,9,2141
Shamela0010523,0406IbnFurakIsbahani.Tafsir,33,7086
Shamela0010531,0360AbuBakrAjurri.AkhlaqAhlQuran,1,116
Shamela0010551,0637IbnAthirDiyaDin.MathalSair,6,968
Shamela0010695,0463IbnCabdBarr.Durar,1,98
Shamela0010798,0660IbnCadim.BughyatTalab,2,275
Shamela0010895,1244IbnHamadAlMucammar.MinhatQaribMujib,1,279
Shamela0010900,0795IbnRajabHanbali.AhwalQubur,1,149
Shamela0010906,0748Dhahabi.SiyarAclamNubala,4,714
Shamela0011074,1285IbnHasanAlShaykh.BayanKalimatTawhid,1,230
Shamela0011146,1242IbnMuhammadIbnCabdWahhabNajdi.JawabAhlSunna,1,116
Shamela0011211,1285IbnHasanAlShaykh.RasailWaFatawa,1,144
Shamela0011216,0728IbnTaymiyya.RisalaFiUsulDin,1,249
Shamela0011258,0728IbnTaymiyya.SharhHadithNuzul,1,58
Shamela0011314,0468IbnAhmadWahidiNaysaburi.AsbabNuzul,2,392
Shamela0011353,1349IbnSahmanKhathcami.KashfGhayahib,1,184
Shamela0011354,1285IbnHasanAlShaykh.KashfMaAlqahuIblis,2,299
Shamela0011363,0795IbnRajabHanbali.LataifMacarif,1,131
Shamela0011438,0597IbnJawzi.TalbisIblis,1,121
Shamela0011573,1285IbnHasanAlShaykh.MasailWaFatawaNajdiyya,1,113
Shamela0011730,0728IbnTaymiyya.MajmucatRasailWaMasail,2,447
Shamela0011788,1351IbnHusaynGhazzi.NahrDhahab,1,354
Shamela0012014,0676Nawawi.RiyadSalihin,1,194
Shamela0012031,0597IbnJawzi.SifatSafwa,3,588
Shamela0012034,1342MahmudShukriAlusi.GhayatAmani,1,110
Shamela0012094,1293CabdLatifAlShaykh.MinhajTasisWaTaqdis,2,283
Shamela0012205,0245MuhammadIbnHabib.Muhabbar,1,308
Shamela0012221,0279Baladhuri.FutuhBuldan,1,74
Shamela0012293,1421MuhammadCuthaymin.MajmucFatawa,7,1099
Shamela0012318,0400IbnTahirMaqdisi.BadWaTarikh,3,462
Shamela0012396BK1,0421Miskawayh.Tajarib,2,341
Shamela0012403,0277IbnSufyanFasawi.MacrifaWaTarikh,1,399
Shamela0012404,0362AbuFarajIsbahani.MaqatilTalibiyyin,1,143
Shamela0012406,0597IbnJawzi.Muntazam,3,676
Shamela0012579,0365IbnCadiJurjani.KamilFiDucafa,3,486
Shamela0012738,0986IbnCaliFattani.TadhkiratMawducat,1,231
Shamela0012750,0571IbnCasakir.MucjamShuyukh,4,1232
Shamela0012769,0728IbnTaymiyya.QacidaCazimaFiFarq,2,346
Shamela0012820,0505IbnHamzaTajQurraKirmani.GharaibTafsir,3,360
Shamela0012828,0384MuhassinTanukhi.FarajBacdaShidda,3,628
Shamela0012845,0578IbnBashkuwal.Mustaghithin,1,160
Shamela0012851,0200YahyaIbnSallam.Tafsir,24,4105
Shamela0012862,0807NurDinHaythami.KashfAstar,2,260
Shamela0012884,0911Suyuti.DurrManthur,62,13173
Shamela0012935,1369MuhammadRida.Muhammad,2,337
Shamela0012981,0292AbuBakrBazzar.BahrZakhkhar,1,184
Shamela0013041,0322AbuJacfarCuqayli.DucafaKabir,1,126
Shamela0021499,0728IbnTaymiyya.FurqanBaynaAwliya,1,174
Shamela0021525,1346LuisShikhuYasuci.ShucaraNasraniyya,1,181
Shamela0021537,1420IbnBaz.MajmucFatawa,20,4042
Shamela0021635,0643DiyaDinMaqdisi.MuntaqaMinMasmucatMarw,1,393
Shamela0021659,0911Suyuti.SahihWaDacif,3,972
Shamela0021670,0277IbnSufyanFasawi.Mashyakha,1,101
Shamela0021715,0923AhmadQastallani.IrshadSari,8,1592
Shamela0021729,0728IbnTaymiyya.QawacidNuraniyya,2,413
Shamela0021735,0520IbnRushdJadd.Muqaddimat,2,329
Shamela0021765,0840ShihabDinBusiri.IthafKhayra,4,989
Shamela0021766,1225ThanaAllahPanipati.TafsirMazhari,6,1125
Shamela0021809,0774IbnKathir.JamicMasanid,1,68
Shamela0021821,0468IbnAhmadWahidiNaysaburi.WasitFiTafsir,170,35034
Shamela0022347,0281IbnAbiDunya.Qanaca,3,574
Shamela0022371,0215AkhfashAwsat.MacaniQuran,24,4345
Shamela0022593,0437MakkiIbnHammushQaysi.Hidaya,12,1549
Shamela0022647,0728IbnTaymiyya.Cubudiyya,1,177
Shamela0022653,0728IbnTaymiyya.JamicRasail,3,530
Shamela0022666,0728IbnTaymiyya.RisalaTadmuriyya,1,180
Shamela0022712,0608IbnCutyaQudaciTurtushi.TahrirMaqal,4,657
Shamela0022769,1316IbnCumarBantaniJawi.MarahLabid,15,1810
Shamela0022869,1409IbnSayyidCajamiMisri.HidayatQari,1,113
Shamela0022881,0450AbuHasanMawardi.AhkamSultaniyya,1,145
Shamela0023578,0427AbuIshaqThaclabi.KashfWaBayan,240,54189
Shamela0023582,0504IbnMuhammadCimadDinTabari.AhkamQuran,1,75
Shamela0023591,0745AbuHayyanGharnati.TafsirBahrMuhit,334,75431
Shamela0023596,0276IbnQutaybaDinawari.TawilMushkilQuran,6,884
Shamela0023606,0751IbnQayyimJawziyya.TafsirQuran,2,240
Shamela0023628,0741KhazinBaghdadi.LubabTawil,161,30965
Shamela0023632,0541IbnCatiyyaAndalusi.MuharrarWajiz,142,23327
Shamela0023644,0407IbnMuhammadKharkushi.SharafMustafa,5,1176
Shamela0023645,0544QadiCiyad.Shifa,1,379
Shamela0023653,0734IbnSayyidNas.CuyunAthar,2,460
Shamela0023680,0207Waqidi.Maghazi,14,3945
Shamela0023685,0923AhmadQastallani.MawahibLaduniyya,2,219
Shamela0023695,0911Samhudi.WafaWafa,1,137
Shamela0023775,0255Jahiz.Hayawan,1,61
Shamela0023788,0745MuayyadYahyaIbnHamzaCalawi.TirazLiAsrar,3,330
Shamela0023789,0328IbnCabdRabbih.CiqdFarid,5,814
Shamela0023833,0213IbnHisham.SiraNabawiyya,15,3563
Shamela0025794,0241IbnHanbal.Musnad,2,172
Shamela0026047,1450CabdKarimKhudayr.TacliqCalaTafsirQurtubi,1,109
Shamela0026566,0459IbnMuhammadDimashqi.Fawaid,3,857
Shamela0026568,1122MuhammadZurqani.SharhCalaMawahib,1,121
Shamela0026576,0307AbuYaclaMawsili.HadithIbnBashshar,1,107
Shamela0026803,0338AbuJacfarNahhas.CumdatKuttab,1,204
Shamela0026884,0535QawwamSunna.TarghibWaTarhib,3,889
Shamela0028174,0685IbnSacidMaghribi.NashwatTarab,1,276
Shamela0029677,0840IbnWazirYamani.CawasimWaQawasim,10,2081
Shamela0029702,0302AbuMuhammadAshyabBaghdadi.Juz,2,878
Shamela0029743,0905IbnCabdRahmanIjiShafici.Tafsir,208,49986
Shamela0030584,0494AbuNasrIbnWadcan.ArbacunaWadcaniyya,1,280
Shamela0030842,0751IbnQayyimJawziyya.SifatMunafiqin,1,161
Shamela0030868,1293CabdLatifAlShaykh.MisbahZalam,1,119
Shamela0031372,0911Samhudi.KhulasatWafa,1,173
Shamela0035100,0748Dhahabi.TarikhIslam,5,841
Shamela0036085,1320IbnAhmadSayyidFuratiKawakibi.TabaicIstibdad,1,162
Shamela0036357,0852IbnHajarCasqalani.LisanMizan,1,39
Shamela0036543,1255Shawkani.FathRabbaniMinFatawa,2,320
Shamela0037325,1450Maghrawi.MawsucatMawaqifSalaf,2,385
Shamela0037361,0197IbnWahbQurashi.TafsirQuran,3,404
Shamela0037458,1307Qannawji.FathBayan,137,23551
Shamela0037473BK1,0213IbnHisham.Tijan,2,328
Shamela0037475,0637IbnAthirDiyaDin.JamicKabir,2,228
Shamela0037837,0435MuhallabAndalusi.MukhtasarNasih,1,83
Shamela0038011,1450SalahMuhammadKhiyami.FihrisZahiriyyaCulumQuran,2,410
Shamela0038194,0346AsammNaysaburi.Majmuc,3,863
Shamela0095562,0893IbnIsmacilShihabDinKurani.GhayatAmani,1,116
Shamela0095735,0795IbnRajabHanbali.MajmucRasail,1,131
Shia000002,0329IbnBabawayhAli.FiqhRida,5,1827
Shia000003,0381IbnBabawayhSaduq.Muqnic,7,2382
Shia000004,0381IbnBabawayhSaduq.Hidaya,4,2230
Shia000041,0460ShaykhTusi.Nihaya,1,132
Shia000042,0460ShaykhTusi.MisbahMutahajjad,3,699
Shia000047,0573IbnHibatAllahQutbDinRawandi.Dacawat,5,1261
Shia000049Vols,0598IbnIdrisHilli.Sarair,2,341
Shia000063Vols,0690IbnAbiTalibFadilYusufi.KashfRumuz,1,213
Shia000075Vols,0726CallamaHilli.TadhkiratFuqaha,6,1437
Shia000094Vols,0726CallamaHilli.MukhtalafShica,11,1678
Shia000107Vols,0726CallamaHilli.MuntahaMatlab,19,6564
Shia000111Vols,0770IbnCallamaHilli.IdahFawaid,1,97
Shia000116,0786ShahidAwwal.Bayan,1,163
Shia000121Vols,0786ShahidAwwal.Dhikra,5,1885
Shia000126Vols,0841JamalDinIbnFahdHilli.MuhadhdhabBaric,3,545
Shia000163VolsBK2,0965ShahidThani.MasalikAfham,5,937
Shia000181,0993MuhaqqiqArdabili.ZubdatBayan,6,997
Shia000182VolsBK2,0993MuhaqqiqArdabili.MajmacFaida,11,1568
Shia000196Vols,1009MuhammadCamili.MadarikAhkam,5,800
Shia000204Vols,1009MuhammadCamili.NihayatMaram,1,104
Shia000210,1031BahaDinCamili.MiftahFalah,1,101
Shia000218Vols,1099IbnMuhammadKhuwansari.MashariqShumus,3,544
Shia000220Vols,1137FadilHindi.KashfLitham,17,3067
Shia000233,1180CabdAllahJazairi.TuhfaSaniyya,6,1809
Shia000234Vols,1186YusufBahraniMuhaqqiq.HadaiqNadira,84,23465
Shia000259,1205WahidBihbahani.RasailFiqhiyya,1,168
Shia000261Vols,1216HusaynBahraniAlCusfur.TatimmatHadaiq,9,1734
Shia000263Vols,1226MuhammadJawadCamili.MiftahKarama,3,377
Shia000275Vols,1228JacfarKashifGhita.KhashfGhita,1,203
Shia000277Vols,1231SayyidCaliTabatabai.RiyadMasail,26,4552
Shia000291Vols,1231MirzaAbuQasimQummi.GhanaimAyyam,5,938
Shia000297,1244AhmadNaraqi.CawaidAyyam,4,776
Shia000298Vols,1244AhmadNaraqi.MustanadShica,14,2440
Shia000317Vols,1266MuhammadHasanNajafiJawahiri.JawahirKalam,56,14655
Shia000364,1281MurtadaAnsari.Wasaya,2,799
Shia000366,1281MurtadaAnsari.Khums,1,173
Shia000367,1281MurtadaAnsari.Zakat,1,138
Shia000388,1319MuhammadHasanAshtiyani.Qada,2,583
Shia000394Vols,1326MuhammadAlBahrCulum.BulghatFaqih,3,878
Shia000405Vols,1337MuhammadKazimTabatabaiYazdi.CurwaWuthqa,1,129
Shia000411Vols,1337MuhammadKazimTabatabaiYazdi.HashiyatMakasib,1,131
Shia000806Vols,1450WahidKhurasani.MinhajSalihin,8,1769
Shia000812Vols,0298HadiIlaHaqqYahya.Ahkam,1,179
Shia001085Vols,1250CabdFattahHusayniMaraghi.Canawin,2,330
Shia001107Vols,1323MuhammadCabduh.SharhNahjBalagha,5,776
Shia001114,0200IbnJacfarSadiq.Masail,5,1174
Shia001115Vols,0274AhmadBarqi.Mahasin,11,1931
Shia001119,0300IbnJacfarHimyari.QurbIsnad,2,458
Shia001121,0329IbnBabawayhAli.ImamaWaTabsira,4,986
Shia001122Vols,0329IbnYacqubKulayni.Kafi,133,40924
Shia001131Vols,0363QadiNucman.DacaimIslam,2,721
Shia001134,0381IbnBabawayhSaduq.Amali,28,7858
Shia001135,0381IbnBabawayhSaduq.Ictiqadat,2,246
Shia001136,0381IbnBabawayhSaduq.Tawhid,10,2519
Shia001137,0381IbnBabawayhSaduq.Khisal,18,6513
Shia001138BK1,0381IbnBabawayhSaduq.ThawabAcmal,2,459
Shia001138BK2,0381IbnBabawayhSaduq.CiqabAcmal,4,938
Shia001140Vols,0381IbnBabawayhSaduq.CilalSharaic,30,8849
Shia001142Vols,0381IbnBabawayhSaduq.CuyunAkhbarRida,5,1552
Shia001144,0381IbnBabawayhSaduq.FadailAshhurThalatha,1,143
Shia001146,0381IbnBabawayhSaduq.KamalDin,15,3518
Shia001148,0381IbnBabawayhSaduq.MacaniAkhbar,20,5391
Shia001149Vols,0381IbnBabawayhSaduq.ManLaYahduruhuFaqih,24,7214
Shia001153,0400IbnCaliHarrani.TuhafCuqul,16,5899
Shia001156,0406SharifRadi.KhasaisAimma,3,522
Shia001157Vols,0460ShaykhTusi.Istibsar,6,1793
Shia001171,0508FattalNaysaburi.RawdatWacizin,21,6442
Shia001172,0900IbnSulaymanHilli.MukhtasarBasair,35,10711
Shia001173,1020IbnAhmadBadrDinCamiliHusayni.HashiyaCalaUsulKafi,6,2173
Shia001174Vols,1081MuhammadSalihMazandarani.SharhUsulKafi,152,40632
Shia001186,1082RaficDinNaini.HashiyaCalaUsulKafi,12,2332
Shia001217Vols,1104IbnHasanHurrCamili.WasailShica,153,39478
Shia001237Vols,1320NuriTabarsi.MustadrakWasail,203,51357
Shia001255Vols,1320NuriTabarsi.KhatimatMustadrak,5,1221
Shia001265,0085SulaymIbnQaysHilali.KitabSulaym,1,169
Shia001269,0260IbnShadhanAzdi.Idah,3,412
Shia001270Vols,0283AbuIshaqThaqafi.Gharat,4,1029
Shia001272,0300IbnSacidKufi.Zuhd,10,2406
Shia001278Vols,0363QadiNucman.SharhAkhbar,12,2973
Shia001286,0400IbnJarirTabariSaghir.DalailImama,6,2637
Shia001288,0401IbnSaburZayyat.TibbAimma,1,197
Shia001290,0412IbnAhmadQummi.MiatManqaba,1,196
Shia001292,0413ShaykhMufid.AwailMaqalat,1,102
Shia001299,0413ShaykhMufid.Amali,8,1814
Shia001300,0413ShaykhMufid.Ikhtisas,16,6468
Shia001330,0449AbuFathKarajiki.Istibsar,1,292
Shia001334,0460ShaykhTusi.Amali,11,3600
Shia001336,0500HusaynIbnCabdWahhab.CuyunMucjizat,3,1788
Shia001340,0548IbnHasanTabarsi.MakarimAkhlaq,6,1306
Shia001341,0560IbnHamzaTusi.ThaqibFiManaqib,3,757
Shia001344Vols,0573IbnHibatAllahQutbDinRawandi.Kharaij,7,1557
Shia001349Vols,0588IbnShahrAshub.ManaqibAlAbiTalib,17,2992
Shia001352,0598IbnIdrisHilli.MustatrafatSarair,1,141
Shia001353,0600IbnHasanIbnBitriq.Cumda,3,843
Shia001357,0610MuhammadIbnMashhadi.Mazar,1,84
Shia001362Vols,0664IbnTawus.IqbalAcmal,8,1789
Shia001365,0664IbnTawus.AmanMinAkhtarAsfar,1,377
Shia001366,0664IbnTawus.Tahsin,1,131
Shia001367,0664IbnTawus.DurucWaqiya,6,1104
Shia001368,0664IbnTawus.TaraifFiMacrifatMadhahib,2,325
Shia001371,0664IbnTawus.Yaqin,1,344
Shia001372,0664IbnTawus.JamalUsbuc,1,103
Shia001373,0664IbnTawus.SacdSucud,9,3691
Shia001375,0664IbnTawus.FarajMahmum,3,1052
Shia001377,0664IbnTawus.KashfMahajja,1,124
Shia001378,0677JamalDinAhmadAlTawus.CaynCibra,1,170
Shia001382,0700MuhammadIbnHasanQummi.CiqdNadid,1,229
Shia001383,0700AbuFadlCaliTabarsi.MishkatAnwar,7,2047
Shia001387,0800IbnSulaymanCizzDinHilli.Mukhtasar,4,845
Shia001389,0830IbnSulaymanHilli.MukhtasarBasair,24,6920
Shia001391,0841JamalDinIbnFahdHilli.CuddatDaci,2,391
Shia001402,0965ShahidThani.MunyatMurid,1,170
Shia001414,1041MirDamad.RawashihSamawiyya,1,157
Shia001416,1098MuhammadTahirShiraziQummi.Arbacina,2,529
Shia001417,1104IbnHasanHurrCamili.JawahirSaniyya,14,3750
Shia001418Vols,1104IbnHasanHurrCamili.FusulMuhimma,26,5081
Shia001421Vols,1107HashimBahrani.HilyatAbrar,20,6612
Shia001423Vols,1107HashimBahrani.MadinatMacajiz,48,18420
Shia001431,1107HashimBahrani.YanabicMacajiz,13,4111
Shia001432Vols,1111Majlisi.BiharAnwar,3130,991002
Shia001542Vols,1112NicmatAllahJazairi.NurBarahin,17,4178
Shia001544Vols,1119IbnMacsum.RiyadSalikin,21,4350
Shia001552,1130CabdAllahBahrani.Cawalim,12,3406
Shia001553,1200HaydarCaliIbnMuhammadShirwani.ManaqibAhlBayt,1,154
Shia001615Vols,1405CaliShahrudi.MustadrakSafinatBihar,260,51513
Shia001625,1402SayyidTabatabai.SunanNabi,10,2435
Shia001626Vols,1450MurtadaCaskari.AhadithCaisha,5,930
Shia001663Vols,1450MurtadaCaskari.MacalimMadrasatayn,1,129
Shia001749,0323IbnCabdCazizBasri.Saqifa,1,83
Shia002165,0500IbnMuhammadHulwani.NuzhatNazir,2,270
Shia002185Vols,0656IbnAbiHadid.SharhNahjBalagha,16,2242
Shia002261Vols,0911Suyuti.JamicSaghir,2,954
Shia002333,0148AbuHamzaThumali.Tafsir,50,15579
Shia002334,0260ImamCaskari.Tafsir,4,782
Shia002356Vols,0548IbnHasanTabarsi.TafsirJawamicJamic,139,27984
Shia002369Vols,0573IbnHibatAllahQutbDinRawandi.FiqhQuran,3,1072
Shia002371,0600IbnHasanIbnBitriq.KhasaisWahy,2,462
Shia002374Vols,0683IbnMunayyir.Insaf,2,206
Shia002379,1085FakhrDinTurayhi.TafsirGharibQuran,2,360
Shia002380Vols,1091MuhammadMuhsinFaydKashani.TafsirAsfa,508,125904
Shia002382Vols,1091MuhammadMuhsinFaydKashani.TafsirSafi,1566,500739
Shia002389Vols,1112IbnJumcaHuwayzi.TafsirNurThaqalayn,1928,637250
Shia002394Vols,1125MirzaMuhammadMashhadi.TafsirKanzDaqaiq,201,56967
Shia002550Vols,0480IbnAhmadHakimHaskani.ShawahidTanzil,6,1089
Shia002748Vols,0460ShaykhTusi.CiddatUsul,1,221
Shia002755,1011IbnShahidThani.MacalimDin,1,197
Shia002758,1091MuhammadMuhsinFaydKashani.UsulAsila,2,320
Shia002759BK1,1023MuhammadAminAstarabadi.FawaidMadaniyya,5,856
Shia002764,1250MuhammadHusaynHairiTihrani.FusulGharawiyya,1,99
Shia002766Vols,1281MurtadaAnsari.FaraidUsul,1,160
Shia002770Vols,1298CaliMusawiQazwini.TacliqaCalaMacalimUsul,2,511
Shia002928,1424MuhammadCaliAbtahi.TarikhAlZarara,2,548
Shia002932VolsBK1,0460ShaykhTusi.IkhtiyarMacrifatRijal,3,1330
Shia002945Vols,1011IbnShahidThani.MuntaqaJuman,3,874
Shia002958,1119IbnMacsum.DarajatRafica,8,3427
Shia002962,1205WahidBihbahani.TacliqaCalaManhaj,1,184
Shia002972Vols,1315AbuMacaliKalbasi.RasailRijaliyya,1,334
Shia002984Vols,1405CaliShahrudi.Mustadrakat,35,6879
Shia002992Vols,1413TajDinKhui.MucjamRijal,10,2359
Shia003026VolsBK2,1424MuhammadCaliAbtahi.TahdhibMaqal,10,1938
Shia003101Vols,0354IbnHibbanBusti.Majruhin,1,209
Shia003366Vols,1389AghaBuzurgTihrani.DharicaIlaTasanifShica,1,116
Shia003459BK1,0255Jahiz.Cuthmaniyya,1,104
Shia003459BK2,0220AbuJacfarIskafi.NaqdCuthmaniyya,1,119
Shia003461Vols,0262CumarIbnShabba.TarikhMadina,6,1790
Shia003636Vols,1371MuhsinAminCamili.AcyanShica,57,14406
Shia003686,0411HamidDinKirmani.MasabihFiIthbat,1,114
Shia003691,0494HakimJushami.TanbihGhafilin,1,113
Shia003692,0525IbnCaliTabari.BisharatMustafa,12,3082
Shia003695Vols,0548IbnHasanTabarsi.IclamWara,25,9419
Shia003697,0568MuwaffaqKhwarazmi.Manaqib,1,149
Shia003700,0573IbnHibatAllahQutbDinRawandi.QisasAnbiya,26,8245
Shia003701,0606FakhrDinRazi.CismatAnbiya,1,155
Shia003702,0652IbnTalhaKamalDinNasibi.MatalibSaul,1,271
Shia003704,0664IbnHatimCamiliShami.DurrNazim,7,2395
Shia003705,0664IbnTawus.LuhufFiQatlaTufuf,1,180
Shia003706,0664IbnTawus.FalahSail,3,863
Shia003707Vols,0693IbnAbiFathIrbili.KashfGhumma,13,3646
Shia003712,0726CallamaHilli.KashfYaqin,1,219
Shia003721Vols,0774IbnKathir.QisasAnbiya,66,14622
Shia003727Vols,0855IbnSabbaghMakki.FusulMuhimma,3,568
Shia003729Vols,0871IbnAhmadShamsDinBacuni.JawahirMatalib,3,518
Shia003744Vols,0965SharafDinAstarabadiHusayni.TawilAyat,122,37726
Shia003749,1112NicmatAllahJazairi.QisasAnbiya,220,89349
Shia003752Vols,1313MuhammadBaqirKajuri.KhasaisFatimiyya,14,4484
Shia003754Vols,1294IbnIbrahimQunduzi.YanabicMawadda,12,2643
Shia003757,1310MuhammadCaliAnsariTabrizi.LumcaBayda,22,6706
Shia003764Vols,1359CabbasQummi.Kuna,4,1686
Shia003961Vols,1085FakhrDinTurayhi.MajmacBahrayn,133,33806
Shia003986,1411HasanCaliQabanji.SharhRisalatHuquq,4,1021
Shia003990,0298HadiIlaHaqqYahya.TuhfaCasjadiya,1,132
Shia004000,0447AbuSalahHalabi.TaqribMacarif,1,192
Shia004012,0700MuhammadIbnMuhammadSabzawari.MacarijYaqin,4,606
Shia004014Vols,1450Milani.SharhMinhajKaramaLiHilli,1,305
Shia004015,0726CallamaHilli.KitabAlfayn,1,103
Shia004020,0726CallamaHilli.NahjHaqq,1,235
Shia004021,0800IbnAbiHasanDaylami.AclamDin,7,2196
Shia004025,0965ShahidThani.HaqaiqIman,1,136
Shia004028,1104IbnHasanHurrCamili.Ithnacashariyya,1,146
Shia004029,1104IbnHasanHurrCamili.IqazMinHajca,61,13801
Shia004030Vols,1107HashimBahrani.GhayatMaram,166,51539
Shia004037,1107HashimBahrani.KashfMihimm,5,1674
Shia004038,1124IbnCabdFattahTunukabuni.SafinatNajat,1,77
Shia004039,1173IbnHusaynKhwajuiMazandarani.JamicShatat,9,3004
Shia004049,1261IbrahimKilbasiIsbahani.MinhajHidaya,1,308
Shia004050,1320NuriTabarsi.NafsRahman,23,7683
Shia004055,1334NajmDinTabasi.Rajca,1,155
Shia004092Vols,1411SayyidMarcashi.SharhIhqaq,57,13740
Shia004266Vols,1450Milani.TashyidMurajacat,1,268
Shia004456Vols,1450Milani.NafahatAzhar,5,928
Shia004525,1340CaliBahrani.ManarHuda,1,267
Shia004552Vols,1328MuhammadJawadBalaghi.HudaIlaDinMustafa,2,302
Shia004664,1137FadilHindi.SharhCayniyya,5,1276
Shia004704,1050SadrDinShirazi.MabdaWaMacad,2,504
Shia20200618,0406SharifRadi.NahjBalagha,6,986
SyriacStudies00001,0300Anonymous.RisalataHashimiWaKindi,2,273
Tafsir01005,0671AbuCabdAllahQurtubi.JamicLiAhkamQuran,7,818
Tafsir01006,0685NasirDinBaydawi.AnwarTanzil,1,182
Tafsir02011,0373AbuLaythSamarqandi.BahrCulum,7,1425
Tafsir02067,0150MuqatilIbnSulayman.TafsirMuqatil,14,3177
Tafsir02079,0756IbnYusufSaminHalabi.DurrMasun,1,60
Tafsir02091,0360Tabarani.TafsirKabir,24,4223
Tafsir02094,0333AbuMansurMaturidi.Tafsir,20,2695
Tafsir02102,1332IbnMuhammadJamalDinQasimi.MahasinTawil,37,6591
Tafsir02104,0399IbnAbiZamanaynIlbiri.Tafsir,32,6410
Tafsir03029,0283SahlTustari.Tafsir,4,476
Tafsir03097,0618NajmDinAhmadIbnCumar.Tawilat,11,1453
Tafsir04003,0548IbnHasanTabarsi.TafsirMajmacBayan,124,34464
Tafsir04039,0460ShaykhTusi.Tibyan,11,1739
Tafsir04040,1050SadrDinShirazi.Tafsir,8,1559
Tafsir04042,1350SultanCaliShahGanabadhi.TafsirBayanSacada,258,71411
Tafsir04056,1402SayyidTabatabai.TafsirMizan,620,178822
Tafsir05045,0352IbnIbrahimKufi.Tafsir,33,12317
Tafsir05047,0850Acqam.Tafsir,18,3164
Tafsir06048,0280HudHawwari.Tafsir,92,19176
Tafsir06051,1450AhmadBinHamadKhalili.JawahirTafasir,1,401
Tafsir07053,1386SayyidQutb.FiZilalQuran,14,3170
Tafsir07055,1393MuhammadAminShanqiti.AdwaBayan,38,5882
Tafsir07057,1431MuhammadSayyidTantawi.TafsirWasit,21,2642
Tafsir07076,1418MuhammadMutawalliShacrawi.Khawatir,47,7905
Tafsir08060,0468IbnAhmadWahidiNaysaburi.WajizFiTafsir,25,5392
Tafsir09050,1332QutbAtfayyish.TaysirTafsir,2,320
Tafsir09068,1404IbrahimQattan.TaysirTafsir,24,3203
Tafsir09071,1432AscadHawmad.AysarTafasir,1,98
Tafsir09083,1442MuhammadCaliSabuni.SafwatTafasir,19,2783
Tafsir09084,1442MuhammadCaliSabuni.MukhtasarTafsirIbnKathir,28,4438
Tafsir10066,1450AbuBakrJazairi.AysarTafasir,22,3096
Tafsir10098,1376CabdRahmanSacdi.TaysirKarimRahman,15,2493
Zaydiyya0000004,1450MuhammadIbnYahyaHuthi.MukhtarMinSahihAhadith,2,424
Zaydiyya0000013,0430MuwaffaqHusaynJurjani.Ictibar,3,685
Zaydiyya0000015,1407CaliIbnMuhammadCujri.MiftahSacada,4,735
Zaydiyya0000017,1350IbnCaqilCalawi.NasaihKafiya,1,190
Zaydiyya0000019,0284MuhammadIbnQasimRassi.HijraWaWasiyya,1,238
Zaydiyya0000025,1450Anonymous.SiratRasulAllah,1,480
Zaydiyya0000030,1435HusaynIbnYahyaHuthi.JawabRaqi,1,115
Zaydiyya0000035,1111IbnNasirMuhalla.MatmahAmal,1,229
Zaydiyya0000037Vols,1055AhmadSharafi.AliMudia,5,845
Zaydiyya0000039,1351MuhammadMudacis.KashifAmin,2,251
Zaydiyya0000041,0304HasanUtrush.Bisat,1,138
Zaydiyya0000042,0656HumaydanQasimi.Majmuc,1,206
Zaydiyya0000044,0566MutawakkilAhmad.HaqaiqMacrifa,5,912
Zaydiyya0000049,0247AhmadIbnCisa.Amali,2,755
Zaydiyya0000052,0122ZaydIbnCali.Musnad,1,102
Zaydiyya0000062,0810IbnHadi.JawharShaffaf,95,16467
Zaydiyya0000063,0840MahdiAhmadIbnYahyaHasani.BahrZakhkhar,1,168
Zaydiyya0000074,0122ZaydIbnCali.MajmucRasail,4,961
Zaydiyya0000075BK18,0246QasimRassi.TathbitImama,2,339
Zaydiyya0000075BK22,0246QasimRassi.HijraLiZalimin,2,313
Zaydiyya0000075BK4,0246QasimRassi.RaddCalaZindiq,2,372
Zaydiyya0000076BK15,0298HadiIlaHaqqYahya.RaddCalaMujbiraThani,1,119
Zaydiyya0000076BK16,0298HadiIlaHaqqYahya.RaddCalaHasan,4,590
Zaydiyya0000077Vols,0614MansurCabdAllah.Majmuc,1,263
Zaydiyya0000079BK1,1029QasimIbnMuhammadImam.JawabMukhtar,1,162
Zaydiyya0000086,1428MajdDinMuayyadi.Tuhaf,1,144
Zaydiyya0000087BK1,0353AbuCabbasHasani.Masabih,1,284
Zaydiyya0000091,0822HadiIbnWazir.HidayatRaghibin,1,395
Zaydiyya0000098,1428MajdDinMuayyadi.LawamicAnwar,3,456
Zaydiyya0000101,1092AhmadIbnAbiRijal.MatlacBudur,1,84
Zaydiyya0000102,1450SaibCabdHamid.IbnTaymiyyaHayathu,2,585
Zaydiyya0000131,0479MurshidYahyaJurjani.AmaliIthnayniyya,4,1089
Zaydiyya0000132,1428MajdDinMuayyadi.MajmacFawaid,2,236
Zaydiyya0000142,1390CabdHusaynAmini.Ghadir,4,723
Zaydiyya0000144,0614MansurCabdAllah.SharhRisalaNasiha,1,188
Zaydiyya0000148,1077Jurmuzi.TuhfatAsmac,7,1322
Zaydiyya0000149,1450MuhammadIbnHasanCujri.IclamAclam,1,213
Zaydiyya0000161,1377SharafDinCamili.NassWaIjtihad,1,113
Zaydiyya0000191,1450CaliKuraniCamili.CasrZuhur,6,1089
Zaydiyya0000196,0368IbnQulawayh.KamilZiyarat,3,479
Zaydiyya0000203,1450Anonymous.AhadithMukhtaraFiFaraidWaSiyar,1,179
Zaydiyya0000206,1450Anonymous.IsmacilWaIshaq,2,412
Zaydiyya0000217,1450Anonymous.Huquq,1,204
Zaydiyya0000220,1450CaliKuraniCamili.AlfSual,6,1010
Zaydiyya0000229,0424AbuTalibYahyaHaruni.Amali,3,586
Zaydiyya0000231,1450SirajDinCidlan.BulughAmalFiAdhan,1,95
Zaydiyya0000256,1409RuhAllahKhumayni.ArbacunHadithan,8,1561
Zaydiyya0000258,1325IbnMutahharHalabi.NahjHaqq,1,208
Zaydiyya0000260,0749MuayyadYahya.JawahirDurriyya,1,228
Zaydiyya0000274,0836FaqihYusuf.ThamaratYanica,2,301
Zaydiyya0000288,1450Anonymous.AnwarYaqin,3,686
Zaydiyya0000295Vols,1062CabdAllahSharafi.MasabihSatica,13,2582
Zaydiyya0000299,0700YahyaIbnQasimIbnYahya.SiratAbiTayr,1,138
Zaydiyya0000302,0460ShaykhTusi.TahdhibAhkam,17,6894
Zaydiyya0000328,1068IbnCaliFuwati.BadrMunir,4,495
Zaydiyya0000341,0400ZaydIbnRifaca.ArbacunHadithan,1,281
Zaydiyya0000352,0424AbuTalibYahyaHaruni.TaysirMatalib,2,376
Zaydiyya0000355,0697MutahharIbnYahyaHusayni.SilatIkhwan,1,108
Zaydiyya0000361,0662HusaynIbnBadrDin.ShifaUwam,1,182
Zaydiyya0000367,1450KazimZaydi.MajmucRasailKazim,2,420
Zaydiyya0000373Vols,0728IbnMutahharZaydi.CuqudCiqyan,2,490
Zaydiyya0000386,1450CaliSacidSayf.AdrihaFiYaman,1,98
Zaydiyya0000388,1077Jurmuzi.JawharaMunira,2,389
Zaydiyya0000405,1372AhmadIbnMuhammadRahuni.RafcKhasasa,1,135
Zaydiyya0000408,0246QasimRassi.KitabFihiMasail,1,80
Zaydiyya0000413Vols,1115IshaqIbnMuhammadCabdi.Ihtiras,1,94
Zaydiyya0000473,0411MuayyadAhmad.IthbatNubuwwa,1,114
Zaydiyya0000474,1450MajalisAlMuhammad.MaqalatIslamiyya,7,1543
Zaydiyya0000476,1437IsmacilKibsi.HunaQuran,28,4814
Zaydiyya0000543,0749MuayyadYahya.DibajWadi,1,160